id,prediction
c6d58c3f69,1
cefcc82292,1
e98005252c,0
58518c10ba,1
c32b0d16df,0
aa2510d454,0
865d1c7b16,1
a16f7ed56b,0
6d9fa191e6,0
c156e8fed5,2
f11f1ffffe,0
d41b559e9f,1
40a9b0f08e,0
d8f3da717a,2
126e3cfa1b,1
4e9266e800,2
6aed8d36c4,0
25208d6ba0,0
e2e9ac7c0e,2
ba081d77e9,2
736398e1c2,0
195bf91d47,2
1560d0a5ef,1
9ac4a418ea,1
fe8a09a5e0,2
47febf64b9,1
c02c110caa,0
ecc46e6843,2
11bfd51cef,0
c140c2dbe4,0
f43526bc93,2
101e77ae70,1
271a1da97e,0
ea0b9c3bef,1
0802a0f669,0
ab63216ae6,0
23c3a73fc6,1
985d338ef8,0
6f6c6fea9d,0
c2664ed75b,1
a956661b91,1
0e3e5e73c6,0
1ab8fd34c1,1
8117fa2533,2
8916c42b8d,1
c65868964b,0
d81aac106b,1
f677445cdb,1
10805bf82e,2
206acf3c75,2
9721cfb6ef,2
fd8926ffaa,0
530597e45b,2
90e8e71f2a,0
95afbb828a,0
4168cf9885,0
ebe9ea1ecb,2
868ca44474,0
082942d779,0
a3a051aa28,1
d1610260dd,2
2f7e0f9f3d,1
4d37dcc165,0
dbb048e569,2
560dfbf473,2
eabb83cb0c,0
81dbac155f,2
01874127e0,0
324a4f0da0,0
a0b1eeb830,0
914b530757,0
f469087306,1
89c44454bb,0
01699b0a8c,0
c148198cdc,0
ea68ca4d71,1
83d32253ff,0
f2ce237405,2
a357a4c329,1
e7ca02b50f,1
c342fd39ac,0
979182c092,0
408628f5b2,0
828b2dc89f,0
0abb490273,0
479c4ad2a4,2
923e58ba4a,1
c00048993c,2
0fbe18afe1,0
07f3f542b2,0
981c6f5c15,2
4acb0d0a7f,0
b31af3320b,1
fda0623fa0,0
7c94437b29,2
0540817ced,2
740c34dec2,1
f25d51d911,0
d64a31ab7d,0
0407d5179a,0
7c76ea83c6,0
159528bbfd,0
f0e07080aa,1
6499d4440e,0
15265af8f0,1
9c0b597928,0
033527da61,2
8e3b08c730,2
48efbfd63b,1
c0df00a780,2
5e71fd08db,2
f77a7c7667,2
be5bd6ee12,0
c4c5a04a19,0
cca0f4d671,0
a653810d2a,1
6c6c2a0a50,2
11a8bb1532,0
d670f34bde,0
76f97a920d,0
8788719e7c,0
335c1cafdc,2
65913a9534,1
a60fe1058c,2
053cd47aa3,2
00a76a81a2,2
b93041378a,2
f93367edb3,0
8153e32f1e,1
3f3579f61d,1
454d5e0a59,0
f7bf792d7d,0
9226c99298,1
fe7d510298,0
bd4ebcf1d4,2
07f3fb3328,1
f9eaae9673,0
ae5cd61d9e,1
18bdd19ffe,0
1d28db6c9a,0
2089d1b0a3,1
be6a9c798d,0
da58d362b3,2
1d8c467a0e,0
87f34a926f,2
4cc4b73580,1
b88327cf5b,0
55524b68b4,0
03347a5a80,0
53e3593eba,1
e2ab186e45,2
8d6c49b649,2
f9ee50f08d,0
12051e5659,1
2a7c348845,2
797f109096,1
70a495721e,0
bad35724ac,0
f053d7735d,0
3781e644a0,2
843ccc3492,0
c58d2374af,0
b181ef0986,0
1d3427a65a,2
840788ea6a,2
0ce3931a1c,0
747ea4221b,1
dde8c2d337,0
95081db694,0
1caffb4201,1
f866706944,0
f19b1bc464,0
c6db2b8b0c,2
26d56f81b4,1
c2a62c0dee,1
25c236e70e,0
cd41b8b517,1
b269007b0b,0
8d64740fa8,1
47228d065b,0
90e1e6624a,1
8169b51f9e,1
9eba5bd185,1
4ee92d7452,0
bcf23acd14,0
8c96cebc94,2
4c55f116ea,0
29dd44f180,2
142d1e90d0,0
0705b5fcae,0
965aead0f9,0
72125071d3,2
65da1f45bb,2
6ad61c560b,2
d947ed7814,2
d3226effb4,2
9367bcb2e8,1
b036a02689,0
fd61e08443,0
95d51b25de,2
df02edf84e,0
0f370e8a5f,0
12ee491f0d,0
1bf54d8e18,0
54c381f8e9,0
b5d8670f78,0
604706577e,0
0cd9abb439,0
95718541d6,0
9d814fe78e,1
3be2fd98ba,0
208a5d2050,2
76e3102a71,0
9d6527cc05,0
7fb0ee0d7a,1
65c613b740,1
f80e1d3d09,0
1cdd43743c,1
fdae4cee12,1
62a4b25585,1
14429beca3,0
a2e2b87de9,1
e2c0e188fa,1
461c7c397b,2
3fc843810d,2
12ddf600bd,0
f0d46f4c2e,2
c2f4d5ff32,0
84ee3d2e82,1
e7119958d5,1
00deb39e72,0
7d491168a8,0
3348ea4471,2
a6b617e4ec,0
db4d66d4ed,1
ed35c4682f,2
c53f0b10e5,2
ba6b8d322d,1
347add9c22,0
ecf1e13d6f,0
8063b75d3a,1
5a00124a20,1
fc60e7b8c6,2
c462ed131d,0
6a7ef38baa,2
809cbcd2c7,0
c958369a67,1
47bc9c35fb,0
c02fb02d31,2
e664502768,1
33f66aef6d,2
e1fcae2570,0
75681556cf,2
fb11c058a3,0
4342a8ec3e,1
189c1ba5c7,1
1d4162343e,2
f8a1864661,0
caba2b13fc,2
0d0599b8cd,1
6259c31e5c,2
e30eaf05a9,0
cdb29e66fc,0
03a160ae89,0
149afaad0b,0
9d5003f950,0
0e22b9ff4e,1
57ee711d64,0
c339b960ec,0
7c092eac9f,0
406ac9b8f2,0
c0bed218c7,2
35ac0316be,0
d2bbccf980,0
03cd2b5f22,1
e3b53c72eb,0
d3ccf6dfd9,1
87934bc95e,1
3cac6e57e9,0
93060f14b3,1
7c09327384,0
481db0dba8,1
b536154ef2,0
12d9af5851,2
a22b51c68a,0
90cf466a22,0
42c14a7720,0
f709d445c7,0
65b6969f49,1
cd5bbc1375,2
10ffd2f59d,0
c542bdf203,0
6925bfc016,2
2d1cf74e73,0
8a6b65d66b,0
dc54a17194,0
432f50113b,0
89de0d762e,1
c2c2e7e4d9,2
37c98de879,2
3cfb9f976c,0
353477011e,1
0aa1ad5671,0
7aadc0a325,2
4e6a3ec2ef,0
16f6384111,2
c6417affe5,0
c90dc99832,1
1537d937c6,2
5ece7b23f9,0
f5d74be419,1
ea853858d4,0
0f8f59d99d,0
7514593f83,0
dfc56f7f62,0
91f394f1ac,0
1b6d8059a3,1
bca8a1a0ed,0
031f008818,0
4dc56b7910,1
914a17e8de,0
783c430d8f,0
b23b093d7c,1
4f19012f56,1
d96539f529,0
83e7d866fb,0
66cbd2334d,2
c3e2152e63,0
c63e2b490d,1
34d7a9ce14,1
e52eb343f0,0
0d6d19b396,2
124ecdce1f,0
703687704e,1
8b866caa4c,2
078c91dd49,2
c34863c1f4,1
689d2f8de8,0
7bb1bde56f,0
83d5846a78,1
41b983b4d1,2
2bd34f85fa,1
fd07fcd604,2
e048bad76d,2
5616b0de03,2
a6f72cb779,1
5cdf5bdab5,2
337a8b498a,1
2c9cd1897c,1
ba181a14a1,0
3bc75dcbfe,0
4aa0dbc350,0
917cf0a8bd,0
44e8b76070,0
76ba85a8bc,0
e8e0fa6bbe,0
9e17041953,1
de5657b6e0,1
9315a61348,1
bc3f779ec3,1
8fe4e9eafb,0
06e4ac75cc,2
88747bd1f9,0
e8111d3288,0
24e79c62eb,1
67d570bba4,1
0dab581af9,1
45a5841a95,2
a90bce8aef,0
38832dee1f,2
ca7ffc8127,0
7c2018c1ad,2
266c820897,0
423bf8baba,1
f78d8aa200,1
f1ac71618e,0
be4527f31f,1
d476ddd84f,0
1352334107,1
b87b3c62be,0
d04807e35a,1
0b6d8b0ce3,0
11848b8adc,2
c1d2d71c3c,0
dcead0671f,0
6b3f8b8e6d,0
605bc369ba,1
c492fd9389,2
4c416360ce,0
cc33756000,1
e9b0295030,2
76f33c5d6e,0
9b9ea6999b,1
ef61253e19,0
8a7f1c871e,0
e6fd31f642,1
3d7e2abded,2
9729696edc,0
e42cd23ed8,1
e6613a6ada,0
4e5cfee380,0
4148328322,0
7b815a02ea,2
44ae0c067a,0
95641818fa,0
67fce3ce02,1
9ec72fe18e,0
a02bada17a,1
2f6fcf5e4d,1
b3b5e091b5,2
668624f71b,1
4a5f68fd43,1
09cc2949e5,1
42f9957b5f,0
87e5101b51,0
be36bf7462,0
4a11baadd8,2
e0bc749255,2
883e22410d,2
70e19e33f7,0
196200def8,0
f8fd92a3af,2
bb4a8285f0,0
fd776936fe,2
6ee09755a2,0
d5ebd4785e,0
f50d8e5f2c,1
42e5e90931,0
d320e854b8,1
05129bb42c,0
0261226cde,2
e2334865f6,0
615b0c07b5,0
511a6763fb,1
775ff946b4,2
be5b734eeb,2
9da855fc99,0
94d218da47,0
484a05a1b7,0
912208c6f4,1
bf8e86c31d,2
8695683532,0
945967e7e2,0
f9d623e8ea,0
95bfb82dfa,0
81d046c389,1
f1a4517f21,2
377eba8724,2
0503644693,0
f74b4be740,1
829a74666b,2
34c3220ee5,0
e60ee72e52,0
d1e44887f9,2
3ef8a6e093,1
e8b3230b0c,0
cbcd3d9622,1
54a5219173,0
acdc565a50,1
97117849d2,2
de0a45fec1,0
44a858d12e,0
b16874537e,2
0f0a90948b,0
9b398e480d,1
f8cdec204e,0
1d9483ee28,1
4cdeea9cf3,2
14b9b9272e,2
6c045c4d23,2
816d53bd41,1
42168df05a,2
f3c7185a77,1
1bde710cf9,2
a382b153a3,2
269fba99fa,1
4fbb1086ff,0
7f459fe1db,2
2253263227,1
68acec71e2,2
269151a160,1
80d2e72419,0
f8274f586e,2
91bfe3daf7,2
ab04aa6fa1,0
a7008c7c59,1
dc4bd47b99,2
46976518e1,1
56224914c3,0
4e5ba4e2a0,2
3a699ec0db,0
20459e1397,1
0238043528,1
3759ca0204,0
233dfba319,1
ddadfa3ef5,0
bed7eed97a,1
474ead0fc7,1
147dc077ea,1
ae793b07c9,0
e37b3dff93,2
f3ca30b42a,2
19c159954d,0
4970743963,0
35ee1973ea,0
534faefdcc,2
e04c6f778f,2
f55ba7c41b,2
e63f86e423,1
3358d94f20,2
47ec7618f5,2
e8a3a11696,0
56c12fc7f5,1
1bffd89128,2
784468420b,0
4c600c679e,2
4d5954fd87,0
122d64aa17,2
0a2166af91,1
ae5a0b4501,2
7f36835064,1
cd03088aa8,0
7948243739,1
c967229ff8,0
c503c71faa,1
8f12b62fcf,1
a5fb88b476,0
ff014d2731,0
c2ab7e0d4e,1
111f0f206c,2
cb312d2d4e,2
4eaf5e1233,1
7c7c6e4960,1
40999e269d,0
a7bb0cf428,2
b7d51414b9,0
04c7237a30,0
74d3182706,0
1679f5ccc4,0
0b118b04c2,1
041ecd4b18,0
126987ba25,1
b82b4f6fe0,0
fe0ce2d412,2
bb26302f60,0
1b93b7bf0a,0
5ce1b35613,0
f2955735f8,1
9b0eec1536,2
f69894b07b,0
78a0994fc2,0
75caf8bed0,0
f5ebf408a1,0
b3614435f9,0
d6ccdc92f4,1
a2a21a2671,1
420eba7f83,2
13b3624406,1
652956afeb,0
6974ef01ea,2
f9b76f5789,0
ab48ab7772,1
c112c039c4,0
0e458015ea,1
4d1f77f67d,2
ed7a78496f,1
6f62de7b8f,1
8f960fdcb7,1
92dfa3590f,2
2de87aa3a8,1
22c59c5cfc,2
60dfdf9bf1,1
9708a04e6a,1
c00a43b67c,0
627fff934e,1
a95c86d303,1
4364b442d9,0
1de317dd96,1
9e5700e149,2
6b0042e99a,0
9c5773d895,0
fdb0422f04,2
414ebceb29,0
365aeadef7,1
4f7042686d,1
32d5fd64c3,0
09539f72be,2
d3f804fc6e,2
83cb4a2bfc,0
ed96a83704,0
bdc1cd48b6,0
b98603702e,0
9db52a5acc,0
5e797282a3,0
6caa0dccda,0
ff33442350,0
c9fccc4123,0
036d595d55,1
43f846ff5e,2
fb557072c3,2
6fd8b1ef3d,2
a7e9b32755,0
71631765ca,0
0848d6d3fb,2
43650984f0,1
266b1ce7d0,0
7b5f42b267,0
ea1c26c45e,1
e1fa3f2c5f,1
4d1017a2ff,0
0aacff4d03,0
588a39236b,1
52ed4e0f76,1
7414caa86e,0
eb77e2e939,0
c74b15bdb5,1
57dae09a2b,1
fe1cab16e6,0
249446d4ba,0
58eb2b6f0b,1
7fb8126947,0
e10f1fd8f4,0
d59c6e64a3,1
72bcca47a9,1
9dddec3c8b,1
93865426ff,2
1445eb93ee,0
d15227376c,1
663f493043,0
d9b2ab1b77,0
d86417a723,0
a915b86890,1
dbc93c21ee,2
75465ab0ca,1
93bef37be9,0
a52d8cf1d3,2
9321efc8e8,0
d34c1f5bd9,0
bc73ce64e9,1
7b3cce7358,1
d6b68e7dd3,1
77ae8408da,2
11bc5f33e0,2
dde0667ef8,0
5825f588c5,2
e56d273097,2
6b3d384bc5,0
a026369f08,0
40a3f973cc,1
db27467663,2
9bb50db463,2
66c33e81fc,2
7f5a0f2895,0
b753788227,1
d26aa6dd9a,2
8372aea853,0
844a1ad008,2
d15be1eb93,1
534bfcb5f0,0
932192c160,1
c72e9bac78,1
bde03e9e8c,0
27eabe981d,2
f2e4bdee71,1
435ff1fb6e,0
f437e2979e,1
b0abb3036c,1
39401af82a,2
e595d6cd62,2
2c8380eb93,2
4270e65a11,0
763294db7b,0
7ef3de34fa,2
d9e8ebc2c0,0
98aadd5492,0
270d6f4974,1
5cec2e326a,2
2a051805cd,0
274e45fcc6,0
f75f7433cd,1
fa19f0e92e,1
b69f1278f6,0
7cd553fd2e,0
8958779065,2
c001208476,0
253147ad80,2
5a53f5f365,0
c1099d2a1c,1
b6e54baf69,0
05afc601ee,0
4436327e71,0
f76a9e11b8,2
6cc0b6c1f2,2
f266031231,1
eba80502bb,1
c9985f86e7,2
08c05e6bd7,0
7283e04bae,1
0e3ba07eea,2
7f4b3cc834,2
0ce48f9fc1,1
6581dea2d1,0
236ba027a8,2
dbd2597c7f,0
e47db528c6,2
9adf74cf1e,0
8ff6c43fcd,2
57f432ce15,0
df4fb6021c,1
8ac36799b8,2
a70d816f85,0
13fa65170f,1
edad2f8a97,0
27378df24c,0
40f39aeea8,2
6ae08b5308,0
db19071cad,0
e05577d4db,1
7675cabd51,1
df0de36fa8,1
a474441102,2
5482399b0f,0
f4409dcabd,0
a50316f36a,0
7f84d2a376,0
3ef7854cba,2
1572e921f2,2
30eba84835,0
e7b99bb758,0
5ac8055053,0
ec3f4daf54,0
7ba5cbf49a,0
37d65d7cb2,0
d5c49e4429,0
e5dd31ec29,2
3148feac93,1
3aeba1c7aa,0
86067a9824,1
a8220a6b1c,2
78530fb908,1
bd90925901,2
f64c4ee971,2
b71883f8f9,1
c7090ebabc,0
013ad01696,0
3df7ad0899,2
4712c33746,0
b089bb6fcd,0
6eb46a1423,2
78137312e8,2
02abfc2d4e,0
8b73de4474,2
c5f05c6568,0
76973236e6,0
8727b5f7c0,1
d23a3c8eab,2
6667decd77,0
c1a2e8b289,2
9238157a3f,1
1ecd0f4b2d,1
0493ee98c0,0
7cdd110905,0
3f6e39bbf9,0
fcfa1d9cc0,2
a134ebdd73,2
7316ed4800,2
73d11612c8,0
30f170c50a,0
2ff2ec175a,0
e5045cf516,1
a63ba8e83a,1
e8989af644,0
a740390b6d,0
7ca64e3b68,1
574e3f237e,2
0464cc19a9,0
0b482a01d1,2
a03c1e96b3,2
cb0a6d5b4b,0
98e22227e9,1
cbb169079d,1
d4bc837116,1
996e4bc560,0
5d0eef7077,2
f31a1f7fbc,0
ea40bcad6a,0
1d5537c166,2
64409160b4,0
1dd8ad27bc,0
0aa1b25d03,2
f38ea7a623,0
ccb1bbc36b,0
00324e1642,0
68836609ea,1
94369a319a,0
f27aa5f315,2
fe0a8ce6b2,2
89c64d9ae7,2
b8c8cded72,1
fdd2f1c9a1,0
3ace2b0bdc,1
727052643b,1
24a359b476,2
68129093c0,0
ee9e697061,0
3dcb6babbe,0
3cb6939939,1
99edf6e21f,1
210e553d20,1
fa364eaeb7,2
33610ea056,2
d7e7a28eaa,1
767c5c9dc7,0
e668bed125,2
a8a68fbbf3,0
8585ed1da7,0
f5d25cb32a,2
2bb8ecab42,0
9c14d892d8,1
434b9a3322,0
43b73428ca,0
7a99d5c716,2
982f42fdc2,1
916ed4ae8f,0
4739b265ff,2
228b8ff33c,0
da87ec3383,0
b7b7d8b62c,2
3d17f5ed9e,1
758cc04b63,2
a6b6cf39ea,0
45f7672a17,1
05fe214237,1
52bc1483e3,2
f6a6eba9e9,0
0db74c840a,1
2ba9fbf1e3,1
82294f6074,1
025eee3634,0
8c066004fb,0
8eb3c769e7,0
24ecbf79c0,0
e4969603d6,0
64a21d86ad,2
aebb6209ce,0
5f429f55bd,2
50290cfa55,1
4b90b4c94f,0
78df34ff37,1
87887ff85c,0
4df354a460,0
5f27be0631,1
4e39cfdb50,0
19f698eb28,2
5eca7e2648,1
33588680b0,1
ddf43d1e76,2
ebfd45fd1c,1
b97d576fe2,0
1fae0c4805,2
95859ece13,2
e6b1502b9e,1
1f6fa81620,0
dddbe88578,1
3bc6066bc0,0
9c532bcc17,1
3100384761,2
1aa7d03348,1
cfa1dd75de,0
4e3bb46426,1
1b2defc5da,0
c517391953,0
a106d34c33,1
9a797e767a,0
820c22078b,0
afb4464e72,2
b4031b791b,0
7cf240567c,1
6434a283cb,0
8c031e77dc,2
299a93b6d9,0
853e8fbcb0,0
3e118113ee,1
3db2431f0b,2
89326f9c73,0
b361f81522,2
fb507c42a9,2
b86c0aab7a,1
2a29cd8d13,0
7902bc0ddf,2
7e13b7e61c,0
21f516aef1,0
bcddef541a,1
1c64f9f4ce,2
a5905d851e,0
11d175de1b,1
ebae73f2fb,0
15d5882b08,0
1031542257,1
e7ea7f9fd5,2
b237c99428,0
932f3832b1,1
f442d75e60,0
2de96f97db,0
8ab4e8e5e7,2
b02ff186e4,0
3835050a5b,2
d0ec1df738,1
441d6f6e2a,1
c50909159c,0
f588dd970f,1
bacb530c43,0
6762e46a92,2
7a69efd494,1
d93d4ddf40,0
679bc83f64,1
7f688aee60,1
36c47762e1,1
af140ee3e1,2
ce41c8eae1,2
ff47a2fb74,0
d02581f656,0
5d0de96a03,0
5f5d19cad6,1
e5d570c732,0
9d61121064,0
8284c37d6e,0
e24775fa35,1
3c28c77a3a,1
26a636e7de,1
22bcae9003,1
1d160db3e6,0
a1d62c59e3,0
064bff4f10,2
3e85db6c54,2
3713c89ec5,2
c45e9a277d,2
feaf248af5,0
a798b51026,2
ff1f3a729f,2
f2ca184e3c,0
de77edec79,2
a32d02490f,1
1be97b1868,0
24808e9794,1
cf77619517,2
5c75fcdcd2,1
3c3fa5ff07,1
1261f12d7d,1
940961f751,1
5b39cdadbb,0
58b49b869e,0
e6d0312edc,2
27471969a2,0
4cd1638df3,0
603e359f5b,0
baa13e0bd0,0
37bceead18,1
737f48d505,0
d321eab7a9,1
a71b60cdec,1
114325b164,2
782c37156c,2
dac78fa9eb,1
794927e57b,1
a4d2ab23e5,0
838466de9b,2
6140cfba0d,2
0124883f72,1
fe550a7c87,0
a79903d796,0
4335e36953,2
97cbbfc0c9,0
65db2106bb,0
bb0a1db625,0
0bc16aaf9a,0
245e6b1c92,2
d182b3737f,0
5faac8d4df,1
80c5f996ba,1
0320b16051,2
82313e6094,0
557ccb8935,2
305efd65a1,2
74d263f624,0
fd43ef7d5f,0
1f7d3d00d1,2
a3833020bf,0
d74fffc6bd,2
077fa501a3,1
85f7a89680,0
402dd272ae,2
36a3b34769,1
084c396a8c,2
319d9fc467,1
c6fb482711,2
bac9df3899,0
d0e22252e9,2
3f78f2cfd8,0
005ef62089,1
ca62a7cb36,1
2a660e42bb,0
e22948f69d,2
7df5daa3eb,0
95296aa523,0
3659d2cef0,0
c0c3a38853,1
5c4efbf85f,2
0ddac53ad6,0
75574ffe8e,2
1137660493,0
d7e0469a22,1
7834ac8f9c,1
a464e48a0b,0
c723daada0,1
46d8f079ef,0
2a2da690d2,1
8422fad145,0
1b337ce265,1
d843153cfa,1
490f16dbcf,1
0dd19d6ba8,0
ff16e789d7,1
7a85395d37,0
c4c671d535,0
d2355d60c8,2
1fd2caee06,0
5c20a4b95c,0
33c6cf2f40,0
d281d17eea,0
9dadd2a0a4,0
3d2776cc72,1
0f66be3576,1
557a24e8a5,0
5bac792202,1
dc182a31bc,0
d7ce828413,1
ee87a7ea00,1
fb970bc991,1
bb7b82dd38,0
aaf83fcefb,2
2164ea7b4e,0
573929377e,0
c6aad7c698,1
09a206022d,0
43b9e60df4,0
438ed54499,1
631b278ef3,0
6da41f3ebc,0
0ebb49c10e,0
3ad7521f37,1
f7bc9a7f0d,0
135950c7c6,0
73fc1731b9,1
0ab7e85bd7,1
c44faac871,2
b7a348f52e,1
6e5e1dd794,0
77b4e167eb,0
9edd9f3172,2
b024bff5ef,2
29fd79c9d7,0
7dc2cc09db,0
2345abea2c,0
af0b95ae5f,2
69ee11f557,2
9128e324f8,1
5bb178a611,2
c3761f996b,0
9caf7b0891,2
a451a0116b,1
c96cc1ed21,1
b030c2e709,0
fdc40f8a8d,2
fa35bcae1b,0
d7292643b8,1
b86f82c825,2
d4afa78626,1
3cb22bfe35,1
f42127d810,0
42fa0ea428,2
d6a5e5b173,2
c087cd1138,0
c8d8635b16,2
a1578fbbd2,0
4a46be839e,0
585b14f5f4,0
150dcef5b9,2
837bbe1c6b,0
06a4996736,0
69d4c39973,0
052bbabf01,1
7d06ee917f,0
d5eeb10f29,0
565bcecd15,2
00af9ce2ee,0
34695c33d2,2
210bf77fcf,1
773eb8a5a6,2
20c4bcfdb7,0
d778941b47,1
e13b3e087b,0
299f8f1848,2
aa980cfc3c,2
23daac22d1,2
0441855811,0
d65219bf15,0
68633fff24,0
e3c506ce9d,0
10af87b3e0,0
b903eacf08,0
4c25511e9a,1
f2d9bb3ff7,0
8bb8fe28cc,2
9570e1d7a6,0
089a8a7971,2
34257fbe82,1
2badc63390,0
6b6558777e,0
8f4b1aa65a,1
627fdaa121,1
ab131b64a1,2
6427a64e9e,1
6fe14ace92,2
db7c3a3302,2
c8f7f3f1c1,0
13f059b5bf,0
f9c38500af,2
f1919b76c1,2
1c686188e0,0
5d80d521a4,1
9d755c525c,0
7dc4ddd8d7,0
ff251d4c66,0
f203ffcc02,1
dec0bbc1e0,0
5e3762f6ff,1
e6be1f9eb4,1
87db73e670,2
33a3c86280,0
f18e0755ee,0
125edde804,2
5fd3401fe0,1
820f2e3fc3,0
829ab3a440,1
b087e4a191,0
4318104b40,2
e7b9b4c8e7,0
2bfc050b98,0
c147cdb785,1
2a3a247d74,2
97546487a6,2
a965de0a6c,0
3d3c02fc46,0
d43f2eb30a,0
197b282710,1
7dae867602,0
823bd3f723,0
d1735653b8,0
f3e1c5f85b,0
29a71213f0,0
67e2978fdb,0
e6021e1122,1
7bf7474166,1
0aa43d6d49,1
3d533da3c4,2
053e6f86b6,1
aaf7bb8b43,2
3b00b15743,1
7fdfc459d6,0
a1acd762aa,0
0691640ea0,2
0e840ca37a,0
b23624e707,0
43bf42970b,1
dcc548fdb7,0
0b7752832c,1
246e00e9b8,0
24340b2b1b,2
56d1f867aa,0
e9325c5c2f,1
15aa341387,2
1ec477f753,1
7ca2d2d09d,1
5f4ad46699,0
2afc26e93c,1
468474f393,0
1c3ca739a2,1
d8aca8bbef,0
919806021e,1
5a52ef37fc,0
249706763f,0
cb87dafdfd,2
63354da5e1,1
a8c45c6f24,0
dda70e02f6,0
74236234ec,1
d1f3213037,0
99575386e2,1
b049d0199f,1
ff958d028b,0
3262962c57,0
0849ebb0ff,1
bce58e5426,2
33ef7e8ad4,0
7f49d02422,1
3c134fb1f2,1
59f2951c42,0
25c8939c1e,2
69d04196b0,2
6845b86f2b,0
442ebf0fbb,0
3024b80208,0
178b1159b1,0
717f023f95,2
19ccefb8b9,0
2d880d580d,2
289062515f,0
c53907201b,0
775ee101bf,2
a93d624724,0
8fea770172,1
36e5d73472,2
6e39f23d27,1
8205582339,1
5a983c910f,0
36517755c8,0
c65c99a25c,1
da15328d30,0
5703c3dda3,0
cf7be1104c,1
41d29f6c13,1
131cb3be04,0
fc09fdf1e0,1
6f09bf603d,1
3ea28fdae3,0
4e695210c5,0
8b454db5bf,1
d19f5ea583,0
4d028c4c77,1
092546fcc2,0
3ba71b99f4,2
0120906704,2
880c0e1a21,0
d61a9bea8e,1
c89ecb79b6,2
1ee9624eff,2
985cfe6a3e,2
2de44851a3,1
57a7631ce5,1
a5f12fbb4a,2
3972db3d45,2
dd1bd2c704,1
bb2df19e68,2
9e8f64714b,2
05478b3b17,0
f97d716421,0
dbb042f710,2
b92f532652,0
c8b8c26151,1
6242b45836,1
0c6b86ace1,0
973a858731,0
b82ee4e71c,2
273009901b,0
cfa1e0952a,0
cc5decccd8,1
fbae9ec0cb,2
5ff8564e86,2
2cadcb29a1,0
fc78d9bdc1,0
c12bed2d58,0
9e32e0acd3,1
2cd0f9990d,0
2f52148a84,0
3e9bcb9a1f,2
2db52d7e5a,1
b5f255f582,2
271b198fce,1
0f2479b378,1
5ecd7bd788,1
45b7b5da84,0
9d4ba55322,0
090e67f3b3,2
abf4797324,0
0ff398d6f0,1
60e74e7a02,2
acaf915b03,1
724cad9848,1
4be18418a2,1
d5b4f8d22f,1
d1915a05f3,2
7d02402353,0
55a8ea7533,0
a70b0c816f,1
106517e884,0
4f41c77382,1
55d6d1d027,2
1b59d97923,1
4085540b8e,1
5458221de2,0
2f862a7a88,2
015125ba9c,0
31729daaf2,0
6e1b609ff2,2
1c1cdbd39b,0
718edc03d1,1
8685c7c226,1
8b01a74178,0
fb9c3c2f2f,2
1e4487d9f5,1
7cc5c6dbe8,1
2591e84ca1,1
02d756851b,1
2d265964ce,0
76f4ce0d56,1
af13ee387d,2
ca2f8bb441,1
2e3047e86f,0
fccc4a140c,2
49328ab7fe,0
0369e17f3e,0
242e001793,1
e2c35d774f,1
bb8860e401,0
9c3beedf2b,1
fd3ca76ae3,0
a9b8fdb137,1
d01e50e2d7,1
801daed5cf,0
71b91da183,2
64926d3e2b,0
b6e7d8cf8e,0
9c87055e64,2
1631844bec,1
4adf05923e,0
5dd73015a8,0
9cb3c10979,0
b21f70e8f6,0
54c4119beb,0
5003bbd1af,1
dec3d26623,0
3f74e28f55,0
590c8bcbee,2
991f28613c,0
60d48a140a,1
3013eefd5f,0
58bdf493a9,1
0858aca32a,0
4f41dab600,0
c0f81d5532,0
96e347af7f,0
14e31dc2cc,2
a43d78734a,1
fcd42e9cd5,0
2f4c94cf50,1
fae2d2ca88,0
54c49d31d2,0
99f688ce62,2
11d1dcc66a,0
e763cd8a4b,0
08c91426b9,1
64d9e40c8f,0
a6bc4b99e8,1
84938cee65,2
710efa3333,0
c2b80bf44c,0
6715d58483,0
679f33cea2,0
976f0b4a09,2
9e35c6bbb6,2
6be3af4e56,0
fc02412485,0
10c5d3c2a5,0
31a6951d1d,0
54bbf65f4b,1
6bfdff72d0,0
79a7d7093b,0
56b164acb1,0
4beda3291c,2
793778f66a,0
259df00bcf,2
9a32d91657,0
5e859e7b6b,1
cb005d010e,2
43499e8091,0
9392f0340d,0
f2e39cc682,0
ba92df1d65,2
3f9ececbd7,1
c233e6f9e5,2
491a7701b5,1
df4fb019bf,1
705fb96912,1
2a35c820ef,1
6556bc1d6a,0
8af56a2ce5,1
405c20751e,0
cb46b23e18,1
71fe506dc9,0
19c411bbc6,0
b89bdc0b52,0
e590f1343c,0
e139035115,0
ecf1235c2b,0
245d68cf07,2
c6cb18b88c,2
df71895905,0
338e465331,1
b3d4710cf9,0
f9c68ebcb7,2
46a8891d8d,2
2eda0fd3ab,0
a671e1390e,1
f2373740e3,1
177666a433,1
b13042d6b3,2
e63cc9def1,0
5ffaccddd1,1
16c2a4b941,0
d0eb6054c9,0
4842fec235,1
3025783518,1
ac330b5c14,1
e38c741f1c,2
98d1cacf88,2
68f0625a48,2
3de16f1492,2
63d66667cc,0
0cc652c753,0
3503cb5847,2
75b802ab04,0
2dc415b7c3,0
d4ad327462,0
746d98d6fe,0
87d4374d88,0
302890260e,0
989b92f441,2
fd5c557853,0
c055976cd2,0
2b7d5b7438,0
953069b130,0
73afa6b5fd,2
d4d4a8e8ed,0
e0656d298f,0
98f3dfe2aa,0
16e9b62021,0
72a0894598,2
21cf457279,0
9de69eec66,1
e69f9f818e,1
35d8a1810a,0
43c5d86c8b,0
d38d3b1c1f,2
1375c30ffe,2
e2dea4e393,0
6b84e89a08,1
0ecba48ce0,0
7a759f2b1c,0
78b64e5c7a,1
e2a67177d4,2
36d05b1dc1,0
161487319e,0
212adbe328,2
b227aee39b,0
4343be90db,2
28a6907400,0
6836179364,2
ecae1c9648,1
adf9002f61,2
37a7c40c7f,0
4e35acb0d0,1
a78d1c2134,0
7b77299259,0
f4a08fe0dd,0
1db75a2a55,0
5d7c1608f0,0
0f4908bf0e,1
7d7b31c765,2
b853aa8ddc,0
ca5b533cac,0
6d2cb2b604,2
b80a4b52fe,1
893a0d7ccb,0
9d08887f37,0
f0a29648db,1
23a4904109,2
6eda0923af,0
a7bc7f40ef,0
a733f7ff8d,0
a0deaa4edf,1
3d9c7e7666,0
f0d4ab11d1,2
2dc6af9fc3,2
50ac754bdb,1
654ba3a213,0
238b28c2d3,0
2686c730ef,1
ba57d3ff22,0
422d56e2eb,1
a66045c50b,0
aaf5a494b6,1
50d530afa1,0
79a79e8423,2
b82b9f1e9f,0
c1e17f4733,2
04cbae6c67,0
82124e744d,0
8568b9c685,2
d06b4efe79,0
a17a6f7059,0
c1dad95751,0
4ab98dc00c,2
6e350cd582,0
dddbbb0193,0
57cbd61c09,0
37ee723a7e,0
dd51f4192b,2
edbc138e6d,0
a1b247ebb2,0
04c9c66e5b,2
ca76e5a254,1
1b4ac37341,1
4c8cbbbf72,1
8967c27c48,2
151ee0fdd3,1
008faf2cb8,1
2a4bc3b351,1
d1620642c8,2
d9b1674cf4,1
37f4b25f65,1
f148a6805c,2
4a0272c335,0
a3c3fe90f3,0
62cc917c6b,1
8daca4f9fa,1
034ee91af5,1
264c0b45d7,2
a44c9bf645,0
09154cdb47,0
0d6fa9af60,0
3573d71829,2
25ba01e2c3,2
eaa1c8e1ab,0
be521c99f2,1
40f6c4ed25,0
3e93ae4f78,1
f0072645c0,1
21ac0cf11c,0
ae71915391,0
ff05ada8b0,1
7abeb9e466,0
0ed11c71a5,1
d8a16c4ed1,1
7f8d09c015,1
a6a9d4d7a8,2
0c948d8251,0
93394ac9df,1
0e1177b3b2,1
ac481ef387,0
0d640c89c8,0
7ce38fd782,1
76b3eb1ed8,0
15323812f8,2
a0f215b341,0
523de3957c,2
79eb087542,0
fabdadb2a1,2
40388bef90,2
14783f781e,2
152f7a453a,2
5f7fe3b3ca,0
144c6808e1,1
0ea45948fe,2
d2cf85cca8,1
0f1a21c51e,1
8ab9fc3601,1
43060d80d0,0
d3ddb14d32,1
ae8d411a1a,0
75a3e08a87,0
26568d0729,2
ad794c4747,0
64c60b8b49,0
9c6be61e3f,2
07ebb6e835,0
060cc9939f,1
c5549eb969,2
f573181b18,1
e37a1f378b,0
d7145ffb1d,0
6fbf8c82c5,1
12f1ebfb89,0
2a63aa1add,0
2b61803639,1
a08200915c,0
aba42de974,0
b169ee2797,0
dd45af1025,1
4de7919717,1
01700092ed,0
3a8e0389f0,0
ac445228c3,0
adfb9a4ecd,0
e85c6750c9,1
def7847d30,1
aae5df7d32,0
da67be0c30,0
73672504b3,0
993b4720c5,1
8b84e7b914,0
d8cd95ef9d,0
86a415de5c,1
1dcb961459,1
331a10bc01,0
59b708d54d,2
e6d991c4c7,1
6a39d3fca6,0
f7510070c6,0
09ed9c8368,2
05cf4d7859,2
dc9111a806,2
dbec0e4176,0
20baae7533,1
cb59391a30,1
f4425c80da,0
fff8eb1ee3,2
40eded248c,1
ddaecf5b09,2
e689082c7d,2
0c7a83acad,0
6b8ce47bf7,0
a58c3bd999,0
9d66209834,2
caa1c31b0b,0
772f83c711,1
ef83acde21,0
94419f67e7,0
c736e94949,1
0b50989f5e,0
ad19a572cb,1
062bd2d789,2
7caa0317b5,1
24b0e8ce7d,0
d3405d681f,0
b96d4c1bd4,1
0d1648f444,2
7278cfe4c6,2
a1d5581fee,0
3b7302816d,0
526efac142,0
3ad8cc68fe,0
54c83ec733,2
587d8fc9ce,1
a208af31cc,1
0a7d266142,0
ffb28a4a4f,1
9e52cbb90c,1
3115e73a59,2
c0521317ea,1
4125db4e13,1
d82560cd4a,0
a04b0de7b3,1
f8d4396145,2
4c8cba334d,2
a1440ab2a8,0
4b6bb90cbc,0
f51e8fa536,0
684a6f1dab,2
d80a46dada,0
47f06ab37b,1
74214e120a,0
117378e34e,0
03a8786a91,0
3a345db8c9,0
52a07543f2,0
119a8c992a,1
0778f35bd3,0
c72d221521,1
f21b1aafcf,1
11cb6c0f11,0
39efe43a11,0
e761ec7037,2
fb14da3f94,0
b874715ca0,2
293f6e432b,0
49c95ba289,2
5ec6d7cbf5,2
c2d54c1c6f,2
fbbd80ab04,0
a0cd4cae72,1
751f69321d,2
e4d76adf9b,1
73b3d99ff1,2
a5ae8e91fd,0
761afde3c4,2
631fa9991f,2
ed8ab864ab,2
e0170b9447,1
8ced3d2267,0
6ea2fe4c4d,2
8b0fe1216f,2
5a4d4669a9,2
df85bd0c1f,0
b6d8be892a,1
7596426dde,0
9134a56b3c,2
6088846840,0
858099a3d8,2
e57676b0ea,0
13425ac5cd,2
2c0713c4f5,1
9d40dd2178,1
2e90c3156f,2
de49d40254,1
10701cefdf,0
ad18453f79,2
6c69abd549,2
eb8e81f4cc,1
eafc6f232d,2
278aa4f94d,0
98e438da96,0
d6fdb95e90,2
c0dff2d0ec,2
de9f29884b,0
cbb16f5a52,0
f974d5733d,0
ee198def57,0
633d682bc9,0
7b0debed4e,1
3fedcdddb5,0
02b3ce8d37,0
8ad358c7c7,0
6f48462864,2
11d698bb45,0
577c80d2c7,0
99d903bf24,0
3dced3b57b,0
afc010b195,1
58adbf9f88,0
eb8c06fa56,2
b8e7bdb3f6,0
4e7f4d03f5,0
1f710b51cb,1
c12a4264e1,0
eace78152e,0
3b6682f1df,0
b7adc44334,0
1597c7d7b4,0
810135a348,0
0013150720,1
d0cc716e01,0
d73a61c12a,1
e193589c96,0
b1a9e777f7,0
f89eb0381d,0
dad9a23ef2,0
e1a185ab4f,2
576332c963,2
9d884a2b0e,0
93a5fa7bcf,0
096dab07aa,0
5396ff56e3,1
db2a9ad333,1
4a1b4db3c9,2
6e6d3a465f,2
9eb0f82f11,2
cbd8bd8078,1
303a51bf5c,2
7a026996c2,2
12bcccbe2b,0
428276608e,0
49ed2555cb,0
d10cb5ed6b,2
86cb242314,0
5b6681978f,0
224e5b492f,2
29c72d8041,2
1ebb639725,0
82705a57b5,1
9c684c2c7e,0
4e31a2d96f,2
077a42c555,2
2411584b80,0
4f754907b8,2
b5df3d928c,0
66b95c256e,2
90c985854d,2
70da17c2df,2
0cf97d3e34,0
d47b92eb70,0
1962c4f221,1
96f2e3baee,1
f9e59ddae6,1
cdada24753,0
6e82ec4c23,0
29b11d8ab9,0
8cd38b61f7,0
727fa29cda,0
01956fa147,2
7462e1e7bf,2
f2a4181424,2
3e3367a856,0
55a938cf85,0
7723848467,1
49ade1e461,1
bf679d22c8,1
e1540a7dd4,0
1d2702088a,0
4f5d40f484,2
15161292b9,0
910c203108,1
2e01c25e30,0
1dffb2fc52,1
afacbd68ca,0
2a2892f5e8,2
4d4b96eed8,2
ad3ecb5c8b,0
fed7331638,1
68ace2e46d,0
9cda710965,2
7f1046534e,2
e0fe4db1f0,1
c7ccc6a686,2
e067039fc8,1
55777f6801,0
e48481d4fd,0
0a90267a40,0
e700d22009,2
f7bcfd76b9,1
69b0c6d107,0
cd0e6fd44a,1
5db20abb71,2
a14ab0f792,0
7ad10dc1dd,0
9392377824,0
ca17b4a33b,1
e475c1d6f8,1
48694c3ccb,0
e539b035d4,0
328ba13e60,1
256f3a6718,0
e17f67d429,0
d6524b768b,0
dfc21ac23b,2
2a3981ff12,2
4e4ea9b82e,2
a082747945,0
d492381f77,1
e8208c75a3,2
6ab9b713a4,0
4ca5a8a39a,2
a96fc42769,1
5611f11916,0
70565f52ea,0
c725bfaa4e,0
080d9d21e0,1
68aa33fa71,0
c9b8a49ce4,0
f269df3694,2
221a96a346,0
a0565e7615,0
2758bcae24,0
5be86f0019,0
bf26c6d698,0
4b5d36cae9,0
37c80c5be7,0
20af7a372c,2
299f10ac7d,0
a18ea12e30,2
9aab581693,1
1f2c977bd8,1
b806619f3e,0
4054265818,0
a230f0f1c6,2
47296e153c,0
9d448d05c3,1
f69a6de130,2
cb80c4f0a6,1
37beb9abe2,0
7c463463f0,0
0861208a95,2
09b7f1fbde,0
35605ba118,2
1eaadaf9bd,0
89d234f8ad,0
e1cbd5b241,2
999ba0c718,0
fce6c31139,2
fd8b58a022,2
bb771f2d41,0
a71d64c00f,2
b17ae9fc5c,0
e561513de4,0
3a9c568b7f,0
09c13b6157,0
63456608c7,2
b1d6bd4bb9,0
fbf33623fe,0
d76d84419e,2
8d860dd86f,2
69bfb575bb,1
2f64397087,2
f4688d4bc1,2
e09868ec63,0
9ae401ce01,1
6083487f52,0
e9cf1a8939,0
0e5369e049,0
a024a6626f,1
3b0ff437b4,0
a824434e4f,0
279f47105a,0
91406d50de,0
ec93ef4f79,0
796e28030b,1
ccf30b9904,0
b002f3d12e,1
f65e5396cb,1
e473710093,0
66afeca302,0
f0be4b4f50,0
5c0d54ab8e,0
f62ff0cf88,1
2b3d0cf67f,0
800d335701,1
ddfdf2efb1,0
18b82d67d9,2
50cbe61f08,2
9b81a46f1e,0
9fd3491fbd,2
22465dca58,0
420706c6be,0
c0a5ccd10c,1
8e46e6c02b,0
e6f9c35e4b,2
4626e0a382,2
75a0c18396,2
7e251f6eb9,0
e02ace300e,0
e3ce104de8,2
b96761134a,0
c423edb120,1
633d0f486b,0
135e30b8d6,1
4d50de367e,0
8e7f7b901d,1
f88518ea9a,1
24e8d3b843,2
d7a1617505,0
9a30f16964,1
9cdc354e26,0
2f09984548,1
598d3717a0,2
65dd0e4093,0
c4f7fcfa3e,0
a332de5bb5,0
98ead2488a,0
f377cca4a4,0
bdc2083e40,1
10ee36dd64,0
7f88fb2cf6,0
d5a868cc40,2
22878cf0a4,0
908a59e728,2
1f1b74b320,2
bb4b366adf,0
13dc7f3740,2
4116e23eb4,2
d6cafd200a,1
1d159f1e58,0
d6d99a75ad,0
1e393dc084,2
aac62a23d8,2
e69450d07f,1
71f7b10db4,2
4e6cbd1746,2
091fdead63,1
1b5354755b,1
7219affeea,2
fe82693496,0
49d7a94197,0
6633410794,2
085929e4a2,0
cf719a2f63,2
b327867fd3,1
fab1106fe3,1
1fd8a1c1df,0
96ba28e813,0
37c500f27f,0
8051e821c6,0
f756d6cb3b,2
445b4ac052,0
00a556e8a6,0
fb00b51f6f,1
b5da22d02a,0
bc66d78740,0
36543650db,0
1570d65daf,0
950a3c83f5,2
982da79482,0
8435b00c67,2
ab42178445,2
6df27902d9,0
34a10d9bc9,0
e6f760c6ab,2
60c9228a67,0
e2e3eeb90f,1
d74e092fdc,0
c4564ecae4,0
590c09c117,2
29b25ff755,0
eb7dbf2c5d,0
84adea6449,2
341cb70fb0,2
16f9a5eef1,0
b732353690,1
a82a1b4e80,0
4c95fd300c,0
91461c07b8,0
5ddffd14f6,0
b951a87f61,1
4ddab5d492,0
5a2844d633,0
e3597e32db,2
4490fcbfd2,2
30e536c4d2,1
84ab6d7313,0
29c20fcd3c,1
3f12915b3a,0
2b47991f17,0
c1b4a449cd,0
f172c710a4,0
368a54c17a,0
33805cfda2,1
4d2aba7f68,0
6d10976c65,0
6df3d599ab,0
5f477fcdd9,2
61eea30ae4,0
557cc7f901,0
7b31064599,1
28f09c55f6,2
5010e43026,0
2ff034bf47,2
728b5025a2,1
d87cfc242c,0
201cdcbb0f,1
5f03ccc998,0
c0ba046f63,0
2da92bdc24,2
86ade03d7f,0
3a10e5a077,2
3c962c44c6,0
eaf1048067,2
70e65c94ad,0
c804133fc5,1
97903b78f5,2
f99ab3605b,2
1dc88b49b0,2
18d6ba1664,2
bf718f9f87,1
fe67b83b66,0
d6f348fc35,1
66d27bacb0,2
7f11253a55,0
4cb4067a63,1
e5052e3efa,2
83c62102b2,0
5376eeab5f,0
8c13298d0d,0
487254b38f,2
e3407d9498,2
c0b4b505b1,2
e272ba4956,2
d5d85d56a1,0
e826855170,2
074b3a9399,0
5c1bdb04d2,2
73f94240e4,0
b10555165f,2
e762d232b7,0
f5240c73a5,0
8732d335c3,2
35fcf00a3b,2
4a8b7082ab,2
8bb5b913fb,1
fd6851b32c,1
e68dcc9b1c,0
8a1e0f8978,1
f6986d2a1b,2
f2de8e4462,2
6709605c7c,0
d7486fb68b,0
a8bdcbc7e7,0
6a4948377e,2
0137116753,0
49ff2b9d4c,2
d9797852e6,0
3b4aae9c91,0
009541662d,2
40b9f6c142,0
071ba37f56,2
23ead75865,1
b20f43db2e,0
ba9c02c844,0
f025aeca5e,2
25262b8bce,2
98b3e0ee21,2
77a7ac8b66,0
ec074b5911,0
c20ed6ccf4,1
8022f84008,1
e37e26cb51,0
ef84b7a7eb,0
114f328574,1
d6c97a1f3c,1
1049ddbfc8,1
5e97ff2fbc,0
9e6b8814e8,1
0a744588de,1
c28bb9f5ef,0
c923be9ae1,0
1d23a89075,1
5cd32d0d38,2
921ca5f7a0,0
52c0a0a61e,1
9d8b334cb4,0
22154b8268,0
6323223a3b,1
9afbd385e6,0
65100749a5,0
25b4a8ebfe,0
f005d12543,0
f6e2e47ec7,1
709b2fc5a9,0
f2c7535089,0
7b2cf8eec9,1
b34ac54b71,0
ea838bb160,0
1ba8449e34,1
93df1ed297,2
6ab50b56e7,0
3acceaa679,0
02f69071ed,0
6717cdbe0d,0
81d667bc8f,0
c18dd3568d,0
cff65b0194,0
771d1e5564,1
9edab48a3e,0
fe9f75c467,2
bbb46ffecb,0
2e9ac90656,2
684d924927,2
1c330fbabc,1
a2f04e777f,0
61cc63c3b0,2
ebedb95b30,0
3c189cb18d,2
0814c25187,1
18559e771d,0
55089d8950,1
8c48e9cda9,1
c81dbcfb5c,0
d65c26b850,2
c3bb9b5bc9,0
b62757c954,0
96a192e5a6,0
30983edaf3,2
ad30d84917,0
34054e0519,2
e429b853f0,1
9689ad1d72,1
9b78bf3058,2
47b95fe0fa,0
a9b7c950e1,0
ecca0f86d7,0
15407c8d73,1
09dc2920d6,0
8799d86112,1
3f554ce397,1
c2f75ae0e9,1
25e5c7b4ba,0
a8d3f80fed,0
f9fb6bb4a3,2
a18fba89e9,2
b1c4c554d9,0
d7e62b1442,2
2464ee4b12,0
bc8255ad9d,2
ccfadfa095,2
d8ccb62849,1
1790479dfe,0
dad1a46ed1,0
9b9b72ab99,2
f25e6fbcd6,0
d05ba84589,0
27f4161d24,0
95e7b76901,0
0c5aa728b0,0
9333faa358,0
65a25624d4,1
d8d1d8091d,2
5112090020,1
0053d0ca97,2
5f40d6d847,0
f0b5445c2c,2
b929c4c7a7,1
68fc46e322,0
c8e25a620b,2
f2d1636cfb,0
8af28cb419,1
ecab388ea4,2
8ae74f6612,1
697e5501c4,0
c9ee15351f,1
8840fe817b,1
4b50b4143a,0
e80c2731b2,1
c8d96917b8,2
81ad44674d,2
db21fb2e49,1
985911212f,0
69760ea333,0
a0e92b27ce,0
ff566c5ee6,0
254cbc2855,0
025e81cfc7,1
08cc49e407,1
cc9726c91d,1
1058657927,0
1126218e49,0
1035a1a4b8,0
e95c580d28,0
9ac29adb35,2
16b4f6c8a6,0
539dd0f30e,2
ae2813d8ae,2
675cc329e6,0
abb798f84f,0
cd660f6ab5,1
ba65c244cf,0
28b5a77269,0
7d357d529b,0
34629fd216,2
9ae784ec3a,0
5c8782b67e,2
cebe354eff,0
e609f65ffa,1
afa38e24d7,0
0f3a5fe0c5,2
f09e606d97,1
c68040f4b6,1
f174067da8,2
8dbdb111bb,0
e3598abb15,0
c9fffd562b,1
b3b8c990b5,0
c8ae152968,2
00a661bf71,1
4cf51bfcc6,2
86ea38e588,0
1d0e54b59f,0
9c4fdae070,2
e182a80baf,2
c7cba9f41d,0
6d009312e7,1
ce5a64d20d,2
323ebf05c2,0
39e18c047d,0
371041d74e,0
f148ffad7f,0
8e8658a7da,2
977536bedc,0
bebe60a628,0
359ceec339,0
588ff666b2,0
125e259351,2
31213f6420,0
f351b475b3,2
350515f89b,1
dea33671d7,1
759838b641,0
419951c822,0
9a5bf8d5ce,1
419c4d813f,0
00d70b33b2,0
c225aa2545,0
6dde657f19,0
ab843c197e,0
7c30ed9ca6,0
cd4235f18b,1
107bbc5c2e,0
6dcfd5c2c9,0
8a4b9bfca0,0
528b10047e,0
8c3e230622,1
7852f8d9fc,1
b069a5ac66,0
9ef7a79e17,0
0a0831e8f4,2
290b02a3db,0
2c3af12d6e,0
289c889e9a,1
4b8e7e9e0f,0
78e9b6e0ac,0
4ccf61b333,0
7738cc767b,0
72ea71c325,0
85bbd7d1b1,1
63d52d3ab7,1
a8196f9018,2
d63be717ca,0
7a61d46a4b,1
ecbc0f458c,1
9059a00c4b,1
608ed9c549,1
40294a72be,2
66413466ac,0
662d308d29,0
a2da43dbac,2
7b2bc619c7,1
37eff96af1,1
fddc8551d9,0
a60386db7b,0
5f9a6b24db,1
a2d112a6f1,1
266c3209bb,0
ab29889867,0
7b62cbb97e,2
2cda8abd3e,0
6a6904c0c6,0
48cadce718,0
91b192233b,0
e6d15e80e8,2
de27b6be86,2
f18538491d,0
5251574689,0
ba456201b5,0
1e8a85ecf9,1
a4a5087d23,0
d66cd15b1b,2
0f7ad81b4e,0
3213ff2240,0
013985fdf5,2
eaabe9795f,0
fcf3ecdf50,0
fa07f47485,2
b72f884498,0
6d49314f33,1
3fac40463d,0
3bd19cd443,1
4792c0bdba,0
4213c0ff26,1
f33a28e691,0
743b4cd69b,0
12f4a320b4,0
21e1d2438c,2
90a3b45f7c,0
e7a6266bab,2
eaa3a6d24e,1
b1514e3038,2
f1383ca598,1
2c85dcbc22,0
f880800121,0
7802e6680c,2
d2b88aad07,2
fb55e07fb3,0
9e022805c1,0
ed70c19a5a,0
483fef0184,1
e8fc19b3e7,1
75aef1fd51,1
91869e6141,2
ff0b2cd4eb,0
815f6a3c47,0
c6a9d4b1b4,2
ae5a19022d,1
8db05cff92,0
bee3fe4da4,0
ae1ed6ab99,0
811a39a572,0
5e603e449f,0
08739ad118,0
3774d1b3ee,0
3c57b8e75c,2
e8c65d4b87,0
1f09a98ff2,0
6fb6e7abb3,0
a5b2951917,0
b7c03168d2,0
e84a08f133,2
b0180b97e3,1
45d2f56b77,0
1e47b84b32,0
b4ad69c3b8,2
217294e5b7,2
beb0c91db1,2
1267b1a21e,2
58d5bc2114,0
aab5389e9e,1
668295ddd4,0
5dccf7f3cd,1
9dce92f5c9,0
83fd0f4593,1
2ea6e49a6b,1
d6c7c35099,0
c1d77f40ed,0
63f8751ef4,1
e86b2527bd,2
6587a96aee,1
dcfb79b954,2
0e9a7c772a,1
fe0deec159,0
ac999715f9,2
031435d582,1
859b296573,0
8fb7fe61f3,1
1259edf6bd,2
46cddb475b,0
291b1821a8,0
15279419b8,0
70c6bb0d6d,1
6a1fc24885,1
aec7bdb325,0
49952ada9e,0
a0fe788b0b,0
bd03b499a9,0
e6fcbb0349,1
6a56a81882,0
050e5f849c,0
9e6360eb0b,0
cfd8912f6b,0
dccc7a1cb7,1
e8dfc3eb0b,1
55648a86e5,1
ac52a2c813,0
fb6315bb70,2
85d06533fd,1
2c6a046f2e,1
910046473e,0
f79907a176,1
8cb01b10f8,0
d4674f3ab8,0
ecffec0e98,0
e253d94856,2
3dca047430,1
8c5585b50a,0
5b6a212210,0
dd546ab5d6,0
fe0ba2969a,0
3343cfc3d7,1
b1aadd6055,2
b39c95bb45,0
ab03346af1,0
92c9e37e37,2
c44be67e4a,2
5b5e227c1c,0
7b4141fca5,2
d939b5560a,0
b6e4e862f6,2
827726534f,0
41fdb55651,0
5938e3aaf6,0
eb0a106141,0
279ecae9c5,1
bc1a9e0ed4,0
ddb982fe50,0
4c2e0a36a9,1
deecc1a6ad,0
9aaa4b82d1,2
509cc1fcf5,2
070dee7de4,0
a955e86317,0
459815248c,1
867124e4a4,0
f19e27e9a1,0
c09b680bb9,2
aa7abb809b,1
aaf94d178b,1
3a8221db17,1
3f0cd49700,1
c09bb405a5,2
33c5214585,0
b7ae7ccd8a,2
f764d08138,2
d62b15019c,2
42d32157c9,0
c5b2281191,2
54828e66d0,2
f35e3dca9c,1
2b32416d47,0
49c2880ad0,0
5cf8f1c8b5,0
66295cdd83,0
96721243a9,0
3a2acaf6ad,0
47f040c49c,2
c58dbfe3cc,0
63c7777786,1
993d94218e,1
015e025207,1
f281eb0a46,1
39179693dd,0
f24f8328a0,1
e433456cfb,0
067aced6b6,0
1fa39c8d11,1
61c419266a,0
4fda6b0b3f,2
56ef5c8780,1
7d560f0a3b,0
57c9108a0f,2
dfc9484f6f,0
fd3754e256,0
21dfd38aef,0
648ed66874,0
786f1a7cb8,0
92c685de7b,2
55c80c23f8,0
8229cace69,0
8d56fe261f,0
790b8ce741,0
b23860d15e,1
ad21f212e5,0
42aaa6c380,0
611621c2c7,1
c49ef48096,0
93b386b350,2
661ac10613,0
d3e470c256,1
a278b03848,1
11f23241fc,1
dfab4ef10d,2
0ae81dc48b,2
5d32fa2a35,1
7a482b3792,0
64eac8af8d,1
24f7310cfb,0
2dae39b01b,1
582380f17d,0
c0f7f3a386,2
d7e19e199e,2
b021dd8b5d,0
80e440c256,0
d71db41f52,0
ab643a5acb,0
c74d0cf4cc,0
052ae7fbd1,0
eaa136dd52,0
7471b45a60,2
2779470497,2
88c17ecf14,1
38c10c9248,0
507c02f2b2,2
fa5cec1e2b,0
7815f1891b,1
b1333a756a,0
098a95ddd2,0
9d5aee9fcc,2
9cf9d13f4c,2
b2f1858948,2
0e6dfcf2c0,2
54fc264668,0
fcbfed7cbf,1
1d6f493692,2
ed2f8a8b6c,0
f45284bb6d,1
e44c7537a6,1
967436b594,0
c74620713b,2
3417530c94,0
6895fc1f55,2
cdae87e255,0
a6bf64ff74,0
9898b6a20e,0
a8b31f4b65,2
bc499ddadb,0
b7f83f2a7a,2
1336fb4fe3,0
de3f34c291,2
7b51764004,2
48dd422676,1
dad230d07c,1
b87fc69d29,2
b4b5753189,0
af646244cf,0
0eae256cf2,2
4bcb384bed,2
c981d41a93,1
539791106b,0
4f4e072d69,1
c981fd95d1,2
a3b1972c1b,0
4a4daa5969,0
af49803fed,1
6e468534bb,0
34d7f68787,1
224b2db929,2
2ffc434b3b,0
e4bc4064d7,1
c2c06c4354,0
46d5e6ce73,1
2f3e4355b8,1
d12536eca8,2
e7964cd2a4,0
d4e215e056,2
2cf223761b,0
f91801d283,2
a47332b258,2
2f5dd9914f,2
79ec5e934f,0
cc364b018b,2
87c26028c7,0
1efa7eae79,0
c5e2e445fb,0
dc3a8d2968,1
088784d38d,0
a2ade1bbc3,1
845480aeec,2
35e35fae9c,2
17f783e522,0
610df76318,2
77d297bf3a,2
e77fe19bb5,0
9107a6680f,1
9e185f38ca,0
7682e7f25d,0
adf5d32394,1
3f4cc356a0,0
7fff7ee48d,1
0a94380a7b,0
3bdb14645b,0
bad364df43,0
dfa3888b42,0
cc48a72249,1
244c7c1734,1
b4b8e9cd21,0
4532ec07c8,0
d6db994a03,1
81f8bd703e,0
aaf1d40104,0
c22524d4f5,0
49955ecff0,2
a0c24cdac7,2
835f51cf4f,1
84df2bb4e8,1
ca4b529c1d,2
94ac2a1ff7,2
8ad0ba6b2a,2
e696b21c5a,1
3ac47e688c,0
6630688dba,1
0209b56e49,0
94a5d129ec,0
f0cdeea967,0
89ba790f40,1
01e2007d47,2
4b5da2a68a,1
1b12b3898f,0
c2babbf1f9,0
58d65fe7d4,0
cd9d3403f0,0
b82970b513,0
096152b113,0
5b5e2ae121,2
c177b00ce6,1
9e813faaf0,2
3f82cc8f04,0
ffb12187ea,2
87814b0f51,0
f95dba85e9,2
93eb41692b,1
07c7724341,2
1e86c38999,0
a36baddf43,2
72f6e244da,2
be7af4e8ea,0
6477e45d2e,0
32df4893b5,2
46d9a3bbda,1
83d3acb204,0
f15546c965,0
4c638d4ba7,0
525d29b4ad,0
9337d03355,0
10870d132e,2
ea2f7e7ed2,1
9ccc16e1e0,0
ed3a3aad47,0
3540adf79d,0
207a144e1e,0
dcacb3e8c6,0
1fd594855b,0
f8b461b0dc,2
d79745e7cb,2
e670ea3ce3,2
810c4e8c9e,2
1f87229859,1
43be1a3345,0
6a744d3977,0
8c3cbc7cb2,0
ae956a5456,0
899e7288e4,0
5143da732a,2
99c8f76ad0,0
6d8a9c25dc,1
a794d22318,0
e1650a2489,0
0133fd91c8,0
0849f77e23,1
16d30e2ef1,2
8c9358c4ae,0
b2629e98bb,1
c1ca56a25f,0
a121038504,0
d6f03cddb4,0
81bacd4d3d,1
0fa6031235,2
8df7f7f2f2,2
56b3aa42b4,2
6630b2d893,1
3bd2f2f7b8,1
7f9c9d957c,0
f6b30d1ab6,1
194e27a2c7,0
5048d425a6,1
76b3a8e246,0
9f81e17da2,2
6b9f4d0ccd,1
6cbb4be3ed,0
e474ca934b,0
93bc18ad88,0
c623a227db,0
dd9a4f82f5,1
c573d6534e,0
4564a225ce,0
0bbc0237fb,1
46540fb4a3,0
f3b29695ef,1
f0885ca11a,2
6501bec36c,2
cb899f942e,1
7e25d16546,1
e2226c488a,0
649cdcf23a,1
fa763c3d8a,2
d5ced9a530,2
85643dcbc8,1
757cfe8cb9,2
0a4c23502c,0
05a1108337,2
14ba9768e5,2
3c8934e346,1
c2df14413a,0
069f67e2e5,2
35d55e3de2,2
230e0ad518,2
194c7606ff,2
7c7cb27c03,1
6b46b43766,0
b476ac3318,1
1ba4e614d6,0
f9a3a65291,2
7ddd6cdfc8,0
e5245f0192,1
b6b104e0c0,0
fcee68e03f,0
a3439a3378,1
fdadbd2105,0
244e50f4a2,0
2a94296111,0
876a68e36d,1
4075c53cae,1
cea6bda7fa,0
7ede309f01,0
2b79c0334e,0
ae9ce56a06,1
3ff00ed5e1,0
77a49d3eeb,0
f815980337,2
db50766832,0
da41b32a79,1
74e1c86782,0
419e930c90,0
12cee1075e,0
bb20d5e8a0,1
874fdfe995,2
6473f09be0,0
bc8bbd8d0c,0
8461f38561,0
8a56a7a26c,1
d0cc5ab107,0
a535972611,1
69bd88ef5c,1
311f9c5d39,0
3453f8a623,1
317eda0a13,2
02d48aa71a,1
60fcc058ab,0
6bdb466e3f,0
fd6e9d8545,1
38ad99fe1a,2
742e433479,0
e7280a57cc,2
6d8f41ea60,1
2e89856341,0
0460e1e929,0
e1913d888a,0
d0be6f14ca,0
742d11d994,0
ba11686435,0
5c35fab6bc,0
d2bc6646e2,0
ab4abe46ab,0
3aaee7866a,0
c52ea5bbde,2
460dd5b32b,0
8ea21a90f9,0
2c461fd1b4,0
3db4cd209c,2
18ba7884fc,0
c90e3414a2,2
5a4b2af816,1
504766fc6a,2
7efd0b5d5a,2
5e2193d71a,0
7891a7b52f,1
ce2297c705,0
64f3dcdefb,1
491ce72615,2
4ae19a18a3,0
246ddca733,0
e042699e14,1
5e6423c655,0
658e5d40c3,0
50a3737085,0
de296fb273,0
245a06c2d3,0
e8ed2c621a,1
20e0a1b35b,0
f1421ff431,2
e95f307b29,1
fd9c4b371b,0
81fda885b9,0
fb40eb4fb5,0
92a03af58a,0
33ab3bd7d9,2
0a807e6f7f,2
d15fa0d458,0
d5f30f9489,2
4f1f1fbb6f,2
451f7f01c9,1
230332bb87,1
083c7c379f,1
beb4503be2,0
75ffb46b43,0
e84066e1e2,0
d3e46b88e4,0
fe46102d90,1
9bbb3110d3,0
418c7a5604,0
88457c7242,0
4239c4835d,0
2f3f8cd8cd,2
57b0555613,0
f056172e67,0
6dd7148bd2,0
14139f1c9b,1
3b93161749,2
32af4e3de4,0
3b0f91c76e,0
41fe9fb1ec,1
0707e233be,1
d5e605044e,2
5a0a333c72,0
0001718fc3,0
1828d9efdf,1
9d2a45e2b3,0
3b98936d7a,1
1449ad4f82,0
50acbcba92,2
d9421e0bd6,2
f74d042da5,0
fc2cf71126,2
155f713bfb,2
34f29bc5bc,0
48994b0132,1
c1a79a83b2,0
4e69b3e698,0
7f836a2e77,0
1338648f15,0
8a35913176,0
82359a10ac,1
d4229f6c49,2
433afd8ddd,0
cff162cbec,1
b209e87313,1
5e6f925734,2
ed54d0252e,0
58175a916a,2
7f70c19f9e,2
b5e7ded9a6,2
e3f87b9d75,1
54a855ccab,1
c84d4da39b,0
daf0e7c309,1
58591b4d6e,0
c9e2bb5327,0
8902606f0a,0
9522bf306e,0
93c474d34e,1
cb2a31bc88,0
e607259fb0,0
5a9d607889,0
a3156bea41,0
846566e170,2
ffe66dbcc7,0
ec81cac249,0
dbad90f8d8,2
f86127275e,0
86140d1ac6,2
0b5cf4d3f9,2
ff57e2fa3a,2
b9b7a309ca,2
16bf445765,1
8ba38ebb65,1
d6c92d9bec,1
3d6fac7e2d,0
8164e7947b,2
95b8719d9d,0
47575243bc,2
c8614a2cf7,1
779019ad0e,0
7666ae7eb5,1
7b57b36051,2
74df7c8912,1
f8ca634ba7,0
3fa01061e2,0
e8a4374fbc,1
4b34fb6371,2
4fca0b9d55,0
2b1c78a63d,0
b2a27cc22c,0
3d0e1d9c3e,1
9ad5d81cb5,0
40430167c6,1
d57b8b724b,1
237157b7e1,1
4b23bd81a1,2
3b23fe1e95,0
4cdae3ef95,0
aa64e05184,2
ab569e9e7d,0
cdb380b585,2
50fd16b9f3,0
f2e70ead5a,0
42999b6386,2
38506abab4,0
995492c948,0
753c1ba23d,0
0491dd2600,1
01773b35da,1
efd820ce99,0
329c04f4ec,2
b15f5bdaf0,0
3f2489c655,1
b133257d36,1
111a9f4e18,2
2e6ca18d94,2
4da9d62bc8,1
f81904f891,1
ce7c6448a8,0
1c0e4618a8,2
ce51c7404d,0
63ed9b0b56,0
668678adc2,0
49e3a934b3,0
3f8b646f48,0
a0fd91297e,2
0b23187639,2
700498c981,1
fbb6bcc5d2,0
8a22765343,0
1643c4982f,2
d8d3c3dd15,1
c9fb6dcc8d,0
6acbd39329,2
7e5594c9b1,2
2db0c11fee,1
3a543c89f5,1
3cfa1782ee,2
bfe8db449f,0
cdf2a45183,2
44d7297fbe,1
dcfc8cca9e,1
47826bf6e7,0
adb35f57c8,0
ba61c4cc1b,2
831ae19ae3,2
b274333bd3,1
35388c61df,2
2ae726847c,2
5ad8cec83c,0
d68118690e,1
3dcd5bff87,2
08224308a0,0
71877742dd,0
0367616b60,2
53ea69dfc0,2
aa3890819c,1
2b9f979000,1
c81a62b2d4,0
91026c6eb6,0
e4490e18ea,1
1091459e6d,1
884dd1544c,1
652b76ed9c,0
eebec7f916,0
c0d2c34471,1
06b20170a9,0
ccfe0be687,0
6afde96109,2
522263544f,1
6bc32be6bf,2
3913c30edf,2
49c03a1f22,0
1d30d6eaef,1
70eb6471d5,0
c1ccceee9c,2
2f7f52da9b,0
1e4402f622,0
85a38b7dc5,0
29fbc8e405,1
4bb1c7d1fe,2
e7857bf8d7,2
8e5dddd3ad,2
dd28d51b9e,1
cf3c265344,1
8d79649dea,0
1db4332ae4,0
2447ec7097,0
46dce6993b,0
0c8ba1cef3,2
07e816aa6c,1
15fd7d9a50,0
4ce7b06684,2
baabe27e40,0
8e661b1574,0
876b944457,0
2eaeb09d11,0
9f9ee108fe,0
9553c6c9c8,0
c00481867c,0
a43f9dfe94,1
03ccd491e1,0
a4f74215af,0
ce2178d73f,0
2bc1083d21,1
bc1220066c,0
fe5b124a1e,0
ab7917cd16,2
22cb4d573c,0
3a86c8d070,0
b0efc064b9,1
36c15b1d1b,0
24244c171f,0
d6ba782804,1
ad74c2e80c,2
7e7c91bdbd,0
1902a6aa34,1
2dffbf7713,2
be794e6d81,0
60de3bbf5c,1
c79cdc4db6,2
001e3335be,2
0b5367c57e,1
73a847b1a0,0
6070c96b27,2
b1f0c50745,1
f149880019,0
10776ff1ac,2
4dcd82e6e9,0
6ce64b1e87,0
bfd7a340a8,0
4363c3649b,0
e3eee77359,0
b81f8ca296,0
154bf9ad1f,2
e0a93cdf08,0
d94ed30f46,0
52634347d0,2
8b6609f222,0
c0b62933ac,0
6bde95c929,0
47aa927cee,1
7b3f932963,2
1cd3e87165,1
c1ce98ba31,1
3018cf3080,0
ed7531fd57,1
8e470538a9,2
e6291b6241,0
b3600e1155,0
b87730dc23,1
75e6fda742,1
09597f1d0d,0
1b9cbbb971,2
1cabca5b56,1
76d567325c,2
dadb1c8e17,0
4d6557d0f3,2
24f1b736b2,1
5dd09997a5,1
f58d061d0b,0
086f3a1bf6,0
dd085ea72f,0
5fdacd989d,1
b8bd2a188e,1
2152ce2537,0
95476ca53d,2
89ea784aa9,2
35c4cf20f3,0
1eeedf10db,0
77ce5b0f99,2
a4fe0f2516,2
c4733bf9ef,2
10c8468f34,1
1b775440c3,0
3f3a70be56,1
bfc86587c2,0
c8c5bef825,1
a96ea898cf,0
bef949e516,1
6814f50d89,1
11436afd9e,0
088fea8fe3,0
9f45f4933b,0
c8704fb942,1
d51b197fd5,0
781e1dd48f,0
dcda3cb1f2,0
7d98bb322e,2
1c57c4c7d4,2
5b759a6369,1
eba30c2149,0
710b24f23e,0
6c12c1e558,0
611500af8d,0
c85d95825b,0
6860f76ffb,0
7dbf05ff14,0
2596abd986,1
f260247ac7,1
ceaf182d4c,0
2b3ee0415e,0
713c4f3be0,0
ea184b77de,0
28735abf63,1
7828798ee7,0
a84daaa051,1
aa5d30ec20,2
6c85f5aca5,0
3561aaf11f,0
40c0374c24,1
0fc24d8b28,1
6fe24c1e9a,0
0c8155eb8d,2
8234330cb8,1
a1c12887f1,0
9812eb1527,0
951ae988af,0
111787181b,0
0f543bc671,0
c2819304e7,0
c8c43a416b,2
c87369be18,0
7020a9ce55,0
4ad2993dd3,0
a2f120903b,1
2b5445a8d9,1
20360e5728,0
372b0c053a,0
a825fd3755,2
5022174343,0
97865ddd8e,0
0dfaafa5d8,0
b27077a872,0
24e02a353f,1
d04b216d6d,0
43ce79314b,0
56d680cecb,0
c9d4dc43a6,0
2787b273f3,0
189b912322,0
90765cefa9,0
0d5200e7f9,0
9746bab156,0
3f1bbacca7,1
d08bf9fea6,0
e8fff73391,0
b89d8a8fb9,2
61a9f66651,2
f68410c8ee,0
50f513b7d7,2
bf8d9a3d67,0
0502d741a2,0
d6834b91ad,0
02aa81d82b,1
f6cbbfdb88,1
c0a019cf42,0
02ef979ca8,0
ec0a425bf3,1
cbc32567a2,1
823597c21d,1
67fb6cd4a3,1
6d75f617ff,0
12010b3338,1
1327babbb0,1
a59eb45d4f,0
318f38165e,2
79cdd329c6,2
75166120e6,2
5dd0ca146e,1
9f1a2cdd34,2
dec033fe8f,2
ad7a033e8d,2
088c6ecac1,0
04bd33f36b,0
656b60a2ec,0
e90d966f3c,2
59dcdf3d8a,1
f2bda11084,0
0273a7453d,0
6a08757940,1
89fd52b49b,0
045b708d2b,0
72154ab537,0
a413cbba43,0
bc17669d5c,1
40113ecc08,0
47ca4e1046,1
4cd8c1f9ba,2
190f0c5c2f,0
b3ba8fc1b1,0
4d73c1252f,1
b1a89da63c,0
be6a089384,1
93a1b6bbfb,2
2489a8ea9e,0
2fbf66fe84,0
11f7d16a10,1
79d067a6ac,0
f7a821c561,0
20bc3c271c,0
62ab8c7484,2
46bf572009,0
fb1b31883c,0
ba1478e63f,0
e9ecb20c7c,1
68ca4aa704,2
93b0b7ed18,2
5d69ea07c6,0
e1acc3e53d,1
28dd562acd,1
ca07780084,1
38951ca8a4,1
de98cef58b,1
9bf72b96b4,1
8ebe22c030,1
a8d5a978a7,1
794f48ffd2,1
3e78aa7a88,1
5df4825b03,2
f627527b87,2
59c2171b8a,0
6a96496ffa,0
c0f094f47d,2
db0ccd872d,0
10e82e41d4,0
8bc34ff0b7,0
964482cf29,2
9d893ed846,0
709db4f2e2,0
9e03b2035d,1
43e67c7fc8,0
af8855932a,2
e38da917fa,2
a9d3de4212,1
4b185b6af1,0
506168f3e2,0
d8f4d975ba,1
133b52cf85,2
b24d43e12e,2
b44a6adb9c,2
3ced92186a,0
83e24616f7,2
c00e41fb9f,0
345db26351,2
5acc6a531b,0
3e740566dd,0
d0ab866de6,2
2f6e2fe99c,2
b177c7b239,0
40b725f5e0,1
9f963b38f4,1
e32e40565c,0
85c5c47087,1
293f549ae7,0
007ec408cc,0
a130d92915,0
f56b2dc58c,0
d8e786c955,1
d32358d049,0
c5d4a3946d,1
5b9dec91e4,0
7d6e44fa5a,2
6efef21300,2
428c374cc0,2
446119eb58,0
55f650564c,0
13884b99d5,2
ae42ce8b40,2
73af58ad9b,2
bec2299a93,0
96ad4e2754,0
358ad493f2,0
a258174a61,2
0006c49adb,1
b691813f06,1
9fd2e3c30b,1
479fc0e9e9,0
406f14add2,0
5b3386f5d7,0
0a8b114937,0
b63066e130,0
dd5dbb5ecb,0
f2a33ed61a,2
cc4d313261,0
0e38a986fa,0
dff35cbfb9,0
eee9ef09b2,0
59cd7e2072,0
cabd643cb5,2
a345f13729,0
e03e99484d,0
a2c7c2dac0,0
fa76d2cb1c,2
a4540e294c,1
e8486a1816,2
cdb9e63e1e,1
9892ef32ea,0
267ec22f32,0
548ace001f,0
35bff2ebc0,0
7a1aea7b18,0
5cf2b7e72d,1
2c62352868,0
91208de2c3,1
860840e7ab,2
3d9f6bbdab,2
234c556dd1,0
5003c53480,2
5109dd2b34,1
9faff69fb1,2
28fe336c74,0
b305f0ac22,2
237dbc9f71,2
0d70157778,1
f74b64bbae,0
331693d9fd,0
3b0dfe8598,2
255726da56,0
8eb3df0140,2
9ae4b79b30,1
d309dae4d5,0
2c6c205c43,0
62a143e524,2
12c32a3036,0
e7316280ee,1
dd37b2f17c,1
02046da1cc,2
ff4f6b6246,0
e9e3b54cf5,1
35f8ea18b5,2
b915544ac9,1
b175e691d0,2
433d7fff00,0
7eec800c4e,2
c74b440aa4,1
9c4aada449,0
32cf178dcd,2
554797fbb0,0
0af7db9467,0
f464052794,2
206db0e110,1
1f1f5daa15,1
1d23111e05,0
def359f5a4,0
9f9e8d115e,0
54f12a2a5b,0
4b74a8db13,1
2e957158e6,1
c548478675,2
69979cd625,0
3bbee73f22,1
44ba5e3c5f,0
09bc53b3a2,1
485241e47b,0
768e92e526,2
b732314970,2
04c6c01f87,0
906e85fcd3,1
3d4bc76079,2
4cc9f714da,0
606251bab8,0
e79501ad57,1
8e8f49dd59,1
d4a5a012cd,0
36261a57bd,0
e98dc8b9d1,0
82c117dbcc,0
3121df29d6,0
2c5a69302c,0
531ba60386,0
c903b12821,1
9e99bf2bab,1
e261d54010,0
314d0f94e8,1
2977ab679c,2
8dbc556208,2
8c4823168e,1
8259357282,2
c1c8af6b32,2
c2ff62f8f0,1
fbe224c239,2
1b8e5ce514,1
94f47c306f,1
948a686134,1
ede4e2bbcf,1
8e4b7ece8c,2
5d564be56d,0
4d98b56f2d,0
d22790d02e,0
f99eeea8bf,0
e8bc035dc7,0
73cb12e564,0
65de6974d7,0
d8804b774d,1
b57585c6c5,0
eab70d9635,1
58998d2d2c,2
0246551d9c,0
c55077049e,0
795fb70a3b,1
bbfab3584e,1
281e567639,0
d441e5fada,1
8aee0fde52,2
a48a16f5a8,1
1f2e1fa6ed,0
1b69bd80b1,2
402caf2c77,0
e3d09a1ff5,1
6d30b31399,1
a8159ef5b6,1
5643170cc6,0
a1f31804b9,1
a5844edd1e,1
1b45b1b6cf,1
ae78ace23e,1
3e59829b6e,0
649abeab37,0
1cc49f8bd7,2
573cfdd46f,2
b3bf0c4566,0
58e40f653a,2
ea7875e8a6,0
1e130670a2,2
b6d9435ee4,0
86a07a41d8,0
ea3b6f24d9,0
b505f34457,0
80f13c7ff9,0
e40780efe1,0
99c764d455,0
78b2ae2728,0
c882fc3f6e,1
4dd481dcc5,2
5ed16b6f7f,0
d88a776baa,2
4b0949cec5,0
28e4dfb30c,2
5f2ec30200,0
5affcd666a,0
39dec1dc7c,0
e39c7e78ff,2
5608a51e54,1
8a327ad3a8,0
26b271e10b,1
03e6c12bd1,0
d9ff64b6ea,2
082bec9d01,0
109def9a59,2
bab3f8e801,2
7443b28261,2
d05d4aa3b4,1
87a775c3eb,2
39baf804a5,0
88e9c84c6f,0
526b97e3a7,1
566d7a2078,0
55bc9b4cf9,0
cabf03b349,0
c7990d64e9,0
b268f6a664,2
b7de059c09,2
51481c6217,0
1f41375297,0
b17a75ab70,2
f13837dd08,0
907ee9427e,2
83e5c41f3f,0
041e83d123,0
7b4def0815,0
b96ecd0786,0
131fc06111,0
79420155bc,1
7ed2ae3834,0
02de71993c,2
ba440cacf0,0
e737b20217,2
ac7b5a6484,0
760a077e6c,2
c737f4148a,0
55b8d332b8,2
b30e91e7d7,0
7bd5a61ab8,2
6593fcfbff,0
12fe89ea59,1
b0e950b925,0
797b9f7e0c,1
fc914a4daa,2
fb3a5248a6,0
67d7801dd3,2
d99102896e,1
466ab2432d,0
95603299ca,1
6d1d4b2a4b,2
d84e1214f1,1
ab0c289ac6,0
6e63089b84,2
7e4a7e9883,0
4276238b2e,1
18004c31fa,0
08e65df0b6,2
ef70bb9ce0,0
6579eaff5c,0
f01441ffb4,2
778b13e6a1,2
deeaa518d2,1
a9705aa4ee,0
d02daeaaa0,1
727aaca5a4,0
0eb23ff2d7,0
0a9b3e0c4b,0
f6ee3f960a,1
3b6daa7c70,2
2e8686a479,0
b83e1d52fe,2
4101bbdcb1,1
f1953950c0,0
f33f0f74d1,2
a51e8be730,0
2e3b73c709,0
6c7d4bc47c,1
b44d104d97,2
cdd4e14a6d,0
b099670f43,1
3759c152a6,0
ffb4feb8c6,2
e6ec48db29,0
287c74d7c6,0
b54ec72d38,2
e2a11b84e5,2
aeb7162844,1
bdae49f5c7,0
a7f8aec5c1,1
6bfd138f96,0
787fd0f11c,1
9eb2f2cdeb,1
13cab9a4bb,2
177b42f735,0
a199edb8cd,0
8a74b7f478,1
64e99f4c02,0
28b02e3d14,0
3e59da180b,0
773eabb702,2
f0d28d26a3,2
f55a4609f6,0
35ea2f24aa,0
7d0343d658,0
30a3ef8e45,1
b917bc9859,1
2c18662ca4,0
638eb048d1,1
9db553c2f9,1
7d88107353,2
c9fe2b182c,0
b30b98130a,1
d5ad8e979d,1
b73f81d2b2,0
7e5e8debfb,0
3d1e42f994,0
181c533419,1
3e89009ccd,1
87b0323b7a,1
775e56f6ab,1
b6c83a9daf,2
8dbf834e8d,2
7ceb04d31c,2
fe32596569,2
b2e00b319b,1
6ff74185f1,0
d4f3ad53b4,0
1552d356d2,0
eee584a1d5,0
cbda8a94ed,2
a96112cbaa,2
d8023a93c1,1
6486a1c170,0
8c3f2e343b,1
5e13865f5a,2
9f6cec0127,0
7b1fe130f0,2
9a03875eb3,2
29e21b0345,0
5730c3e115,0
0460516571,2
1e98b3410d,0
f8a38d0d49,0
813236ba6c,0
00f23199de,1
dfbbb46a3f,2
d4d00085ca,2
3c5b8fdaec,0
c9eadefe3b,2
779b038e3c,2
463edebcc5,2
a2c894c136,0
7fe0361a82,0
fafce89a4f,1
bd78b44ad5,1
fea74c8f1f,2
1741c02509,0
d36c7a1819,2
8a09f1ce88,1
aa5f97a08a,0
886bab32f7,1
c9ca0123aa,2
a13e70803a,0
4407a30a5f,1
aae7c19be8,1
de0bc88360,1
208e1e53fb,2
26260638a0,1
56c2cc5aeb,0
319358e3de,2
dbdd867f18,0
c5d1acc66a,1
a7bf4c3f07,2
62af966599,1
fc02189331,0
1f68267290,2
be9ae22336,0
96096f8060,1
0a9d4069f1,1
c5974ff704,1
a3ca9ca2a1,2
4f721d4af1,2
d9cfa870c4,0
7b9a524efa,0
25cc420d14,0
5a2c8ac62e,0
7f5add5636,2
5d506b3022,0
000d2358df,1
042ae7706a,0
cd190718e1,2
33121fcfd2,1
8d9b7a6a7c,0
eb8073d25d,0
5a55daa704,2
b24a2f11b2,0
f79a4bfd35,0
4010405695,2
98adde535a,1
1ed3b5decb,0
94acfd3acf,0
835194ea0a,2
be4775d0fe,0
de02137c0a,0
2dda35f564,2
546349a850,0
4f9b5ce989,0
35dfa1e0c6,0
31efd173b5,2
9042cd32e4,0
19a7fc7348,0
3dd8b37c3f,1
1357e7090f,1
d97374f3fc,0
279230949d,1
4160049a94,0
81d6538cab,1
04d78da41d,2
478315d1c3,0
fcd8979172,2
81d6e1733d,2
95e27f021a,0
2c9b4e8786,2
60a9f333c9,1
9430333b7b,0
a7cae48c16,2
2f9607f25b,1
2e908837dd,0
a9604eb0d3,0
d25f6fff9d,0
4e0e5822e6,0
467dc8244e,0
e79a070339,0
2407258db7,0
c852c412e4,0
1e2e046bf6,0
7ed3b520c3,1
a4c559781c,2
6e50b24c21,1
3f02a13ad6,2
135635af1e,0
1a4a3bb7ce,0
a877423f31,0
3364826e47,2
41371909f4,0
3c09e0045b,0
36b66c146b,1
dc5370fbe5,1
80ec419b98,0
876f8b6f14,1
3e4f15bd47,0
4c1ab6c42c,2
b7be48bdd1,0
60f49e7f43,0
145718d6e4,1
49dd566e90,0
bf3ee74039,1
e02fdb9ad5,1
91ff38982d,0
a42683043b,2
cbf7b71110,0
83de8e1f91,1
4d9ba03519,1
b18b12ba97,0
eebe19165d,2
7fbac76832,1
8ecf1961c0,2
db7e8a9646,0
ce420526ca,1
f23ac50bc9,0
002d0f5868,2
ab256fceaa,0
856d2f9e73,1
96f729f8cc,2
34c6810321,0
31d1bfe97e,1
d1b14059f5,1
ab8c5a634d,0
3d900fe9b6,2
933335c482,1
e21cb02f14,1
14527cd3ec,1
578df44c43,2
e40fce09ce,1
fd889b412b,0
efb35177a2,1
4bbb9ca869,1
b69c714e84,1
ea09b6bfcf,1
463846836d,2
f39fb679d2,0
27c4098d95,0
79556edccd,0
d3a03ca7d8,1
ee0848665a,1
c28d8e3622,0
0b0f3e687c,0
9bb455276a,0
76178f6f18,0
86a1433b0b,1
58acc24227,2
96117c1432,2
61b7a38f02,0
a389b84f7e,0
2fbe481e9c,0
f72478e5ae,2
245cd78cc0,0
faac3868f4,1
ece6252459,0
be4f270056,0
80b2e6cb8a,0
1fa6954953,2
b5eb633d39,0
e9b44b8d43,2
ec1058e5ef,0
f603a80033,0
ffc016223a,2
b277adfbec,1
9550466a27,1
5861fdaa82,1
30d525e07c,1
993019f38f,0
8ecd61d750,0
06d3cd1e6e,1
617379203d,0
5b17fc1c42,2
4bd84cbda8,1
3c2890f992,0
b8e080ff53,0
cd36aa9a40,0
e1798e72f8,0
19d687dd11,1
a9d086ba15,0
0dcdcae906,1
22ad9cbe20,2
c24e9f922c,0
ed5ad272aa,1
bcb6fb6d50,2
ad14d50a01,0
4a3dbbd111,0
016dd3a2fd,1
a7a817c9be,0
ad830c18e5,2
8b236f4cdf,0
d0eaf9448f,0
73277ab9be,2
1a9274a9fa,0
ba2806d687,1
4d5e65a435,0
7165f6dcb4,1
8aad2251e9,1
0ea2c223b1,1
795e320205,2
4f42c945e7,0
a8413649f9,2
9422bb86b1,1
855f360475,1
f3d9729b59,0
89d11437cc,0
4e22b30fd3,0
f6cbaece7e,0
0d26711de3,2
778ec123aa,0
b75bacddaa,2
0477a7322e,1
ef8bc60c1a,0
bbd8436c79,0
c8b559e652,0
13ea51a14d,0
5c7e3f4abf,0
154cc5d89c,2
7484ae9302,0
a0030791d8,0
4c08015860,2
6e4cd36586,2
e4a5a1ef6e,2
2045a643a8,0
df7e8069ca,1
84f0cf6848,1
f37f7ba325,0
9bff777abc,0
00430229dc,0
892d2f7f35,0
81e519d46e,1
7b0a15cbe7,1
fe9aa2b120,1
f27539982d,0
ef141adc78,0
2969547cba,0
1a75a4e80c,1
b73eee39e3,0
6e8b939fd5,1
38d045b1a4,2
eb215c1bc0,1
ee9fbfa772,0
39464c5a51,0
5df746cafc,0
fe25640c0c,0
1295771d4d,0
a9c95b7bef,2
b95177aeb6,1
1091d3103d,0
05fa1c26bc,0
d02a3a5a70,1
eca7c283f3,2
ffc9078f40,0
e6d06f2442,0
7b9023e328,2
3927434f1d,0
237c334b78,0
ad85db44bb,0
e5f6cf6d50,0
f1392ce96a,1
34a0028ac0,1
66eab148eb,0
fd5aa63bfc,0
5dc887e456,0
4ef2ce13d8,0
b8ef9a31dd,0
33dd07ec11,2
25c33661f0,2
aeb5bd0824,2
75421e2391,2
16c46d83b3,2
6d836d0c16,1
e18eeb0f3d,0
3d744019cd,0
3b34c7cf8b,0
2d62a208c3,1
79d879da09,2
5583568fea,1
6261649cb0,0
517046eaf2,0
dbc4bb81fa,2
02f0e64310,1
171815fcda,2
29d27befd3,0
3118085055,0
c2af86bbe4,1
e02f2cb1b6,0
e26165abde,0
313d8a7d7f,1
26b9be649e,1
2fe405a5ff,1
a183ecb40b,0
4f0d748044,0
40275a4c7f,0
f115755873,0
54d0007a56,1
f3c8d37d17,2
11b392d831,0
6cdc6aab2c,2
1ab9d6daa3,1
0790b3196f,1
b059907e50,0
1207381a16,1
625435dff6,2
a09c0f58f0,0
cef9e28951,0
e8820ae507,1
7e60b376a0,1
b53ba3eb49,2
13378a725b,0
bf6ca32459,0
0f56eb35a2,0
dd955de353,0
d8940485f8,1
9d2b691e9d,2
eba1ae9c9a,2
c53c61b2e3,1
06f9b00a14,2
efc1bebb43,0
8c61977e1a,1
d76bf5d8f7,0
96d6335aec,2
2db8166251,2
0a2cc81f26,1
482579bc06,1
99d603717a,0
1eb55fd205,0
f40f52fcac,0
4a2c96c46f,0
b5c531c77a,2
902e57d645,0
42d6065cd3,0
6cf491d341,0
afac714091,0
6b3becf532,2
678440a250,1
7db26b7c37,1
4de660616c,1
b94ccb5c9c,2
0f60bdb60e,1
6a7951754a,0
99ce4a8d3d,0
ffcea20a66,0
58ce6aef71,1
743fdb7eb8,0
74a3c5860b,2
ee71ae7d68,1
8c438f66a3,0
0865a6d8e3,0
6566795dcf,0
89f5feeb40,1
b0ff1dd12b,2
5c7e00a4b2,2
21060d118f,1
a3d5d72aaa,2
4f65d19d57,2
6dffb5256e,1
e09de63229,0
9a495bb5fd,0
5da80cc2f6,0
89ec17b705,0
a5ed76e441,1
a0d2d4c0d6,0
9d8ecd70cc,0
570d9a2ea4,2
326007a79e,2
557d34cb76,1
87bb8a239b,0
d32cb905fa,2
89acbe20ab,0
e9f5109863,1
91cecfc279,1
877139f2fb,0
7d29cd1ac8,0
0665f2235b,0
98e6096c69,1
c99b0b9621,1
20ce4cdc8c,0
3517094a17,2
c3e20dd05a,0
43620ab661,0
abb415bfd8,2
9425264056,1
044427e57e,0
0dbc7fc313,2
4d76ff6f90,0
692e38cfa9,2
16b6dc7eae,0
20a63e410c,2
37b538d5a1,1
038f1d4125,0
3088ec714c,0
1893df46d0,1
4954abfae8,0
31c5860338,0
cc605caced,2
f78b93c538,2
a31ab5e6bf,0
d2972c87a6,1
6562572d19,0
4c29728dfd,1
538c8e47c2,1
dd18a47657,1
cebe8fa728,1
177f143f9f,2
5d3e66d02f,0
686cc7bc28,2
5eab7ee190,0
28cf8787cb,1
b46621d4ea,0
953a591318,0
ad2edcc31c,2
513e083ad0,1
6640eda604,0
d2c49fef78,1
88861bfa27,0
13219faf87,2
2f680e28b7,0
9ade7b13c5,0
50b431dfde,2
72723bd379,2
82121def01,2
3aa0ffbeef,2
48a54e3ca4,2
9fa97cce4a,2
9469930e2d,0
41286ee69f,2
ee6ab061f7,0
fca6d2de55,1
89fd014cd1,0
1994b7a35c,1
dcbdd7bdc8,0
3353aedebc,1
07c400a71e,1
b098f6a1b5,2
23c6eeec46,0
f834c61120,1
fa51e08ea5,1
85062066a8,0
c0536b6716,2
0f011b79e8,0
0b6392774c,0
948d5bd74d,0
775f6998e8,1
d78204e22e,0
8e1455ee8d,0
84993e7e20,0
297a90c342,2
40445c38f0,2
034913efa8,1
cc0182912a,1
e2291f2bd5,2
da7a5170f8,2
c1a028afd4,0
924e66e9d7,0
06d518d463,1
ad88f4993d,0
3dfe9df028,0
5b8e581b06,2
0c310c6ae8,0
e66359daa4,0
4efa8d731e,2
ec88e9d225,2
72260b0e43,1
2469a9b69d,1
6560e281ae,2
920621a240,1
a9077bbcd9,1
fe94bdaada,0
eba4cd36e8,2
5765f5b6bb,0
3275a97926,0
9b8fea1fa1,0
cafe3a799d,0
80f477667f,1
250dfc5d57,0
31515f250c,2
517acb08a4,1
fbbace4334,1
1f849c0144,1
ee63dcac0b,2
0d4da5b21c,2
897489dfaf,0
ee616b3a11,2
5c57b8367f,0
1db205fc39,2
fe237e5484,1
eabe043549,2
36ef4bffea,2
a3bc43802d,0
a5b45cd977,0
5ff16d5a1c,0
ba75e793c2,0
1c846b87e3,1
98ffac2c96,2
f516c2232f,1
d3f8985627,1
f427644bbd,2
16b5415a54,1
3e89579cd6,1
8563c6291a,2
aef65d1d1e,2
60d5d4e485,2
86f8bb1f9b,0
882b87cfc2,0
5f3e6c532a,1
70b79d3deb,2
a80d463fef,1
822d81c3e2,0
8f5919a686,1
653b077374,1
720c2c3bbc,2
ebbeefddd0,0
8650bdaf6f,0
efbebc34be,0
d109b1d3de,0
e847cc2836,2
64a38be941,2
534d56b634,2
1b44bc65d2,2
25f94b8dc4,2
af1476ab36,0
12f2531b5f,1
5bfe3eb4e9,0
5a5fc1d045,2
3e5d44ae32,0
a751eb3c40,0
4030f74983,1
108abe48c6,1
cd100797dd,2
4e948d4890,2
7aaad8e667,2
5ba3273e70,2
bf2ea6b70a,0
f78a8c4c20,0
b4b252afde,0
90ec448cd8,1
d0ff2094dd,1
a5256bc66d,1
5b452a2ff9,1
0b04961869,0
0e9e78494e,1
01e151b010,0
f6671ca1df,0
63688ebfa9,0
28e857d37d,0
e6fa85e2b2,2
db7e6e8edc,0
fca5d13c7c,1
835fc78aa7,2
3476c49d6f,1
f93e099221,0
772c9c942c,0
4dd1b7dfa9,0
964ba48c6e,0
4a123388c7,1
6362b66534,0
23beafc540,0
a845f3fbdf,1
5e1d4e3bb5,2
c481699725,2
bfae0709bc,0
768191eed9,1
ae01316a86,1
084af194cd,0
6bbf4c8679,2
1143ee5328,0
0a1214927c,1
8e7642a9df,2
9bac6552fa,2
38ccf82a89,1
730786e2d3,1
7c66293d8c,0
ef61834453,1
5c15bd09d8,0
197102f82e,1
544b112b9e,0
1ada1328c2,0
0437fa5f50,1
eeb633625b,2
08f7495dcb,2
9fd90031fb,0
7b89daf16a,0
360e2f367a,2
c79ad03e9d,2
45566a6df0,2
a901e206fb,1
d5f3cb732e,0
29fa4cd9b6,0
12b6047c94,0
ad3339556d,1
9ee109da31,0
e6089762af,1
dc1c0cd2b9,0
e98acdc195,1
d7fa0fdfc3,0
d34bb8ecf1,1
2121023d52,0
fb1ccf7d3a,0
dd218327cf,0
7496c3199d,1
b5c5316775,2
e43cbfd8b6,0
bd63203660,2
d2aba02c1c,2
a5b75e4fbd,0
09e87d563e,1
f53b71c556,0
84ec0eff48,0
e698094479,1
c006dfab1d,2
aa7dffcb84,1
8f082f55b0,1
5c9ad365e2,0
a8462f5f05,2
a792b8d6d7,2
f3f8577334,1
91591a1765,0
4b4f138d77,2
4b551fec8a,1
8368a77b6d,0
ce47ce9f90,2
8066fc85b7,0
8cedaed77f,1
c58723f7b0,2
b4bcb8233c,0
8adf3b17ce,1
d438c08fe9,2
10b514e6a8,1
465d1df57b,1
3177ff9bdc,0
a50d386503,0
619a5b599e,1
40712a3230,1
e8180fd3d7,0
426391f008,2
ff1821374e,2
5deccb706d,0
02e657d236,2
b96e43c5e5,1
9a4ac3d40f,2
2c07f4b522,1
e79d56d80c,1
7f614fe2da,2
45dd0dfc8e,0
26e6612e59,0
bbd5d9fac9,0
63d563158d,1
57fb0a937d,1
fb61847330,1
3133d8ac09,1
3f01da2160,1
5289d67281,2
0d2765f5f0,0
b09f8beff0,0
090a9e6273,1
8a8a32919c,0
f1a6d0acef,0
ecf8a522e9,0
64573f85e6,0
67adea512b,1
8f5eb5e42f,1
9d19a53ccb,0
241405c3b7,1
69796d5e55,2
2bf8d0740c,0
aea650542c,2
35fa38eb96,2
6baa4ee2ce,0
b5c36e11b6,0
39c41f1709,0
11f4ecc8fb,2
a11dfd1df0,0
d472c467b8,0
7c9a7c8206,1
b64a8f7055,2
e945ad4b47,0
a1e463ae38,1
785b05d8cc,1
05ce2917be,0
7bfdf48677,2
2c2a2ff512,0
3a443a7316,1
545d3c9b0b,0
f2e41e99cb,2
a61f5b5e2d,1
e67f23e35f,1
87adbd7b05,1
ca36403b09,0
f0dc04fc06,0
0a787ba174,1
c3b40c1455,0
8a484a4e72,0
06207f3c4d,0
d8093bb18b,2
e3371faa8b,1
f9c0a031b4,0
d08079179d,0
621d136863,0
b4aca4927a,2
19925445a6,0
df295c35e0,0
79c9190a2c,1
5e0b3aab30,0
61304d2de0,2
dc7e94f891,0
d16e95adc0,1
ad2eef5282,1
ada5242409,0
1e0f551e34,0
7560f09e21,0
6acbf6f42d,1
5d91953b7c,1
509ffb8777,1
d49acea268,1
39fc953b41,0
e2abf48d4b,2
1831488a00,1
d8eeb8f71e,0
6d45b7b528,1
e637764027,1
69caacd23e,2
d0560fe908,2
75c1616ab2,0
5a9f0395b9,2
beffd6b733,0
b5afcb343c,0
fba6f5ed16,0
5ac7a332b2,2
5104944f34,2
b5e9f2a91b,0
123f11845f,1
05d4256fae,1
10955a88bf,0
b6e20852de,1
1eec1c34b7,0
e9fb236db4,1
3b92754f8b,2
f6f4c63d94,2
eeefe63e09,0
038941debd,1
74e1656129,0
46ca00a835,1
97355fedad,2
d074f1ee86,2
258d45487f,1
8b09364b38,2
6fcd0165c1,1
bfc0fef7c0,1
a4f6e7ed83,0
be1c5a8a78,2
ba11af2a5d,1
d49821f0f1,0
e6be268da1,1
91e19939aa,1
edf9f06ec1,0
6d0733ee93,2
5b692d047b,1
a4b4edf27c,0
f958907a81,2
f144490593,0
8d0e34870f,2
c35844424d,0
8a190cbfe1,1
ca01737970,0
f46312f0ac,2
91531e452d,1
ae0048dddc,0
6d56a457d7,2
adb8574ce4,0
dca2c74ea2,0
b83c650904,2
84e7081aaf,2
3fa7a1c5ae,0
9b07048098,2
4e42ce8fa9,1
22667145c8,2
c6d7f11dbc,0
eeb2995d0b,2
f1edbf0a66,0
90ed794c3d,1
c3ee8e475d,2
43a388eb8e,0
b12c50f5ce,2
7dac883880,0
44bfad0bfd,0
749b9c07ad,0
8820375d16,1
466e43a85c,1
966a507150,1
545d4491f9,2
6afa181ca6,1
69ef0216e4,2
0156c2c00e,0
aa757e5e73,2
91e1833bd9,1
1d32529b0e,0
fcc0d0d825,0
38e20b3dbb,0
04ded7e472,0
6840a4ce41,1
85c8fb9252,1
11b8452635,1
82d6a94df6,0
104e002176,0
403bf4dbe7,0
6e016c1214,1
a7ffa44a61,0
8846b46a20,2
95b23854e8,2
07f6fe3531,2
8e6fc1d0e8,0
60aca3d9f2,1
12db87eea1,0
1d8b849ca7,2
2867dd61ed,1
ee77121f96,0
4e9c6d9878,1
b47ee29912,1
eb06cd450c,1
d8d34aebfb,0
a3bcdcc8e5,0
c09d5e2a8c,2
facaed790e,1
3d0b8667de,0
426fc988ca,2
293fd228d5,0
b89485e78d,1
c75af704b5,0
1fe0e6b9b7,2
c48afb9178,0
6cacc66cd3,0
8951608704,0
d6687eb6a8,1
9538f9709f,1
b6dd711143,0
c3eca2d90b,0
8664906c6d,0
b246d33ca9,0
9f9a0816e8,1
a004bbfb8f,1
afe25a8712,0
dd153567e8,0
6b7c55acd4,0
d4d43c3d15,0
fb2bf6e341,0
9a3c7e1150,2
a1e96222f2,2
0f08495392,2
dc2566fc3a,1
aa9aacfe07,1
e62969564d,1
ea98f96e09,0
c99b2de24c,0
a508a485d3,2
6874a8fd29,0
82094736e6,1
0ed0b2183c,2
ae65c5d1be,1
c81a1b8ed1,0
5f5624a18b,1
bc6b6cb824,1
312c2ec549,0
e51cd529ed,0
8b12734672,1
fc94ba8c74,1
f260a7c029,2
06bf58245d,1
348de2abd4,0
ca0b62b584,2
fd829c5589,2
b7eb8520e4,1
7e34a9acd8,2
10081b27c7,1
d02537fa62,0
d290355170,0
fc0c3d460d,0
df7e6e5c97,1
e4955531bd,0
34ba3721b4,2
bb92933ffc,1
e7274df1c8,2
d1bb689fca,0
6db9ece727,0
4dacd11a47,0
2e1ff13b64,2
5d0a13e26f,0
29649a13e1,2
ad80c040a9,0
935dde367e,0
9eacc95ac9,0
3fd6e4c599,2
a1dea9ccc4,0
2cdc1cb553,2
1afeefcd75,0
db8c4f64e6,0
eac6647866,0
e22beade60,0
cbd8dae710,0
a333ac7f5a,1
91c88d9868,0
8ccbd28930,2
e0946459ba,2
35507043b6,0
ae1ec56001,1
c22c30f81a,1
1d78e3ffec,2
be046b1ed5,2
814983d46e,0
b845bc31ff,2
cceae2d8ad,0
729c24e37c,1
ccb8033826,1
6958d33125,2
79c529d6cd,0
921109a819,0
d7ade258c9,0
d480468cbf,0
87baa8baff,0
4072dc2286,1
c4289d5468,0
1a9d5e9d78,2
0741e1bae4,1
c016644965,1
00ffdce6ce,0
fec8d8dc0e,0
076cb3dcd6,1
2f17d9b24f,1
11cbb43d4e,0
4b400c4fc8,0
39ccf0688a,0
4fc9545c73,0
112beab3b8,0
572738e915,2
9d7204d09d,0
7d9e040822,1
c4df65247f,2
795c1656e5,0
c20d7e7736,1
4000a96078,0
9bc2cdea49,2
c6a34c1ea3,0
bcb42819b3,2
8fd7307572,1
876f35ddcb,0
58f4ee61fd,0
c9bb61510d,0
d1c14ab82a,0
810817356f,2
4fa3261856,0
708270b3ec,2
514a1deb71,1
fe74871c3d,2
2eb91986fa,0
2707d8f8fb,0
b383365a6f,0
33f5d78bc2,0
e7ddd26505,0
dfb653d019,0
87b5090e61,0
9d7f4bc970,0
6849aff978,2
e63a7d264c,2
5e41a0d586,2
d359b0fd7e,0
fce3512b32,0
b623cd6b66,1
7da1f9f325,1
d17a2235d3,1
7856826f47,1
5bb94905ac,0
78e1f7e5a8,1
4ac49fa3fd,1
36c8a2fbbd,2
e3934490fd,0
9a953d17bf,2
f719c64bb7,1
a2907215a8,0
8bd5c60b51,1
0271f4358f,1
3263625f20,0
d3a1f4ef02,0
93ec666617,0
030504e3ff,0
7a796e629f,0
36245278b0,0
7ea5d5a014,0
d610a1735f,0
f3154c04c3,1
0a092f069c,1
3f71ec0515,0
0707563d69,0
339e18d3ff,2
25909108a8,0
d42453c46b,1
6ffe7a5602,1
be921b0e13,0
7924f33c2c,2
9f1dc84259,1
d5950f326f,0
ea5415eeb0,2
20a4f0129c,0
e7e5e7b115,0
9bb8d84389,0
dc84a2c251,0
01392be83b,2
7647bdf18a,2
665c985822,0
6a61bae6eb,0
a51e1ac4bf,1
59af1f0a44,1
7f80ceb4f8,1
36a83c82dc,2
967acbd410,1
25cd68fe86,0
7379f4c2e7,0
a31b9893a5,0
4dd7a8a734,1
8d2fb5513b,1
e1ab99f05e,2
21e53aa923,2
6a835d1b77,2
7cafbbeba5,1
a2a6debc74,1
a995500549,0
1657a7202b,1
fd56775748,2
3a91f9bb67,2
42da572974,0
014e662ae0,2
4a72cb5302,0
51f2882db0,0
cc0ca7b48e,0
b7107ea585,0
b34eb2f5ec,2
0807d2ba50,2
dfdbf66e46,0
84780b058d,2
bce10710ee,2
9ab4075e02,0
0fd24f85ca,2
b648a340a3,1
b232a3ac2a,2
e6a3b770e9,0
a38077b180,2
86022b3fda,0
33350c4f90,1
d4a6c87f4b,1
767631a383,0
b2c78dac06,0
fbc627b1b2,2
5097d3e084,2
0958727490,0
df695f0fe2,1
ca7c6061e3,0
a4ada2acfd,1
0042e62a44,2
6f6f57f7de,1
afd75dddae,2
659bc9d7e7,2
e909176898,0
1c9f0c09c3,1
b200eeead5,2
251ca3ad0b,1
9616313865,1
368c7f3d03,0
b1fa6d8004,1
ed59ad113c,2
bc3f95773f,0
bfe756cbca,1
40b28154cf,2
b269c6bfab,0
a7a498af42,0
421a40da11,1
b8498a4468,0
9bbb6184ca,2
7961e2d4bb,0
6fea502f70,0
31ff97b80d,2
f716b969b8,0
cd39b84c20,1
c808a4aea6,2
dbeb8348c7,1
9d6d77687b,2
5689dbc430,2
f57d2b92fe,2
a36d855511,2
24558fc8e3,2
eca1ef9cc8,1
de724dc228,0
1531571ddd,1
ab3f522ee1,2
dbb538d734,1
5a66f010d8,1
536fe41071,2
ae87cabbca,0
3ca04e5834,0
7269633895,0
37dd4a7a8b,1
5749ffc066,1
f4811d6617,2
d73a4c6268,2
91e90b8c74,1
7726c9e830,1
a0510574a2,2
1e5292fb61,1
1b02cdd605,0
62fff464eb,0
bbccd98018,1
faacc6a5fd,0
41c3af4a95,0
9b2d1ed444,0
78288d17d4,0
6c9ae7451f,1
9bb7c55e1c,0
11f5bd6a96,0
2303757bd0,1
f54f2f05eb,0
f9d5731ba5,2
3508ee0005,1
33021e93a4,2
796f6238b1,0
5061969a06,2
d0e72b85fa,0
6c76fec253,2
0df4e7f379,1
d76f779cf5,1
97ec015198,0
e8db0995ec,2
d8743a4a32,0
10b532a2c8,0
a19fa9b83e,1
7b7d76ead9,2
a40c8a5485,0
35e654ecc5,0
5eb220f2fa,2
b7114ef777,0
79bc99a2d4,0
c19ece789d,0
e2427616cb,2
05aa717c2f,0
a535fb768e,2
7db4042c2a,0
04fc331445,0
c01698bc7d,1
915b8eabfd,2
ab7b0531bb,0
8d1e511502,1
035235cadb,2
7f6a4db4e2,0
47262281dc,1
921c2efcce,1
140a660fcb,2
56a05bd642,2
c0360a72e0,1
a738dad578,0
0324cb8b0d,1
69d9676d8d,0
87df131a9b,1
028793df8f,0
55ec507ea7,0
35b7aa02cb,0
cf631ae72a,0
bea3dbec3e,0
4fd94ba0a4,0
883bd95378,2
10a56179d9,0
a6217183e2,2
bc955f3ba4,0
049ef3add0,0
c2dcec977e,0
7db6e6a671,2
2440de3811,0
0c2bbe8f48,2
ba00146e8f,0
71c6fd3ea3,1
07f20b5e44,0
9c3e4e1e79,2
5fd9fa76d8,0
fd1361dcd3,0
a7097d4bcd,1
eef6b893cb,1
57fca95ff7,0
2050128905,2
68a5966fc2,1
fe6896cc1d,0
c7f90a75fd,1
e226accf8b,1
4cc4b73cfb,0
43da5a93ce,0
6517bc8e9e,2
f319b860dc,0
46baf47d7b,0
8fd0f74513,0
e703bf69da,1
d71dbea88f,2
16444ddf6c,1
6d6e909b96,1
df33dbefb0,0
7e15b001cb,1
53ba2bc7ce,1
723955407e,0
61a2e2a4b8,2
9eda2dd4bb,2
0ebaf78fff,1
a02f344be2,2
75c9aaf3a0,2
e491496b7d,1
3cbd1fe797,0
3ccad640d1,0
baa23f3867,1
ca0726a1d6,0
1bf230edec,0
46696a3521,2
45971052b2,2
d959dbfc78,0
a075085425,2
2299ec6426,1
42ca7195a9,0
e6f76695ec,2
3f633deb74,2
7d4e4cb433,0
3c0680345d,1
2d0430343c,0
db51a72f4f,1
b58365e0cc,0
2f26dff025,0
438d6c0cc1,0
d0bea822e2,1
5700951474,1
a907d72d44,1
c418fcec3c,2
986d1f03df,0
db5a874bca,1
1d6bb9e8f3,0
c0903c912b,0
28bf4846d0,0
78c2036ff2,1
54c80f1682,0
4d976d52a9,1
a8d9b922e0,0
d074178155,2
5df236fde3,1
58561149fc,1
8b28faf8ef,2
b9e0d69b38,1
eacacd5caa,1
5ec751e79c,0
c86c61c94e,0
f617811f04,2
279cbe3f50,2
729a7f73e7,0
0cd8ca4d12,2
e12235451b,0
ba8f8c1389,1
25f14465f8,1
f0318253cd,1
d3b6756d78,1
f996c1bf63,2
19166c1b46,0
c4145b04d0,1
4fbde195c3,1
0da03f96ef,2
d65bd6482e,2
178d2e270d,1
26b16510b8,0
41b9b89df8,0
a6128f8fef,1
df3ce54475,0
5c383faee2,1
4ae360d30e,2
46fd1f1e35,2
e83e4e3342,1
00025f94ac,0
49180dc484,2
ed5d0336a1,2
53f3c27813,0
df79c0e400,2
21b58487fc,2
1df73e08c2,2
ccd447d124,2
44503f4dea,2
d7c97ac42a,1
90c7df2c60,0
2d73649c13,0
560cb43f2e,2
9f8c67cfa1,0
f5eabaefc5,0
9418ec4b81,1
67ceb3b3ed,1
33799b9b10,1
d38c8476cb,1
8411bc0b37,0
8a93d1eaa5,0
60a1ef4eba,2
583869942e,2
c74aa8292d,2
4bc72cdce0,0
7e965eed9e,2
b18c41dd46,2
fee93206e2,0
2241c4da8d,1
d8c09bfbb5,1
4caae7be7b,1
1cf073b067,0
ca0b1ac1c5,2
3eca3d1ca7,2
3fa620391a,1
b1cd02de6a,0
a238e4dfdb,2
49d1e9c625,0
a663fdcd8b,1
21737d69d5,0
5f3409560e,1
790d418d61,0
a10f1eb015,0
b9f6d4c4e6,0
a0aaee0398,0
3e6f2dbf10,0
bf5ae9fe20,0
9c1e1da0c1,0
428cc4773b,2
74c6fa3374,1
28a7a11b0f,2
9a6ecb4f74,1
0f2f48683f,0
a906068293,1
f035dd565b,1
527787b6eb,1
0ee2b39f37,1
e5a80ed6ba,1
6a6bf88953,2
d1f3c66466,2
692bf759c0,2
1e22026ac4,2
f14d227593,2
0504a11780,1
d012c91c6a,2
e65275d740,0
d83a2d3292,0
cc3f5c64b4,0
aa03d3563c,0
654bf044b1,2
7646dcc33c,2
0393470806,0
773d171552,0
8cf9db91bf,1
05810dd996,1
10cfd7833a,0
0bb1d024f0,0
10f4ac9d11,2
6f32a69dc3,0
5860d341c1,0
f14649421b,1
36ef24df21,1
ddd65c9ae2,2
b1bc37b7fc,2
9153dfe9ec,0
9174a8a76e,0
b9c533db92,0
21a1d2af87,0
3b844b2968,1
2395d0b146,1
37447a00c3,2
44be410d9f,0
98afa3a83e,0
d43a3e3934,1
dfaefcaba4,1
dfeecc4084,0
010fbe8de7,1
f8c0376278,2
4a85eb4a21,2
822580399c,0
7cf3bcb3ad,0
fc42a72a7f,0
e16357f834,2
118ab1cdc5,2
804fa35caa,1
7cc7006e2f,1
8cfc6abd3e,0
fe4af27a39,2
e0a6b96b41,0
3df1db0d93,0
0e0d816175,0
15006a82b5,0
394b4cae16,1
11eecdaeac,2
4555a7ad62,0
f94bab2537,0
3bb3f53f62,0
99d54a2924,2
c648f64e35,2
74b745c9e1,2
7d6a5b06ba,2
4969299008,0
3db4970b97,0
269c09656d,1
bd1f0fde11,1
c38facfa47,2
138a1b848c,2
3e3dec69f0,1
3c64072ad3,0
9b647511b9,1
2ae93addbd,2
c59fa5fcf5,1
81ea362574,0
4a58542cc6,0
7f62486d2e,0
a735fa3655,0
cefe507c84,2
4c8e9412d5,0
454cf7e29d,1
b939e1a969,0
fffa592db9,0
932defb923,0
61e9b7a9c9,0
7f9ad2c0cc,1
8a8395248b,0
2a9897b3af,0
50be59db8e,0
79dd9030c1,2
f79f708801,0
5a7223ad19,1
1b1529ebd5,1
f2c9dabd05,0
fba50d5651,0
115c392946,0
c35aa5fbfb,1
2ad0c241a9,0
8bb2f9218e,0
f114f01150,2
d92fa7ad6b,0
48654cdc73,0
fa15569545,0
e3a06205f5,0
d0583b9383,0
dae0d1991f,2
9e0ea9ecbc,2
15c485bf8a,0
94731b1381,1
6f0a06a8d7,0
a48b07c49c,2
34cd323b96,0
66ff861614,0
6c3ea6f168,2
8b74d03b53,0
53657af44d,0
dffbf4838b,1
86a70bb411,0
bca27d3121,0
a2cb786540,0
df680f8d6d,1
9cc66f6357,2
c16b4bfcc6,0
349c582f44,1
1965d6702f,2
4d5bdd9edb,0
4e4cf4ce73,2
249b4e1b72,1
278649cee4,0
91e6b8ef31,2
22040d132e,1
0020718207,2
7779da7d79,2
30566ebb33,0
33219a1c83,1
4f44c62c1a,1
7f8298d7b5,1
591b17fe92,1
ea5f461825,0
85b1f780b2,2
47581f9167,0
bf5acb611d,2
30823dc634,1
a9f8674f8c,0
ada79db431,0
2329e19844,0
f573e0b598,0
7a9381dd7c,0
7e42670cad,0
1b545f1829,1
763c163dc4,0
55a54a8f09,1
e19c140461,0
92c2ac6fd0,0
581e9ad249,0
84fb908193,1
b69472800b,1
854d704177,2
f0823b9a42,0
2fdab9fc61,1
07996277a8,0
ef20b8529b,2
afa34dcf58,0
e4f1debbf5,0
2be1dc12f3,1
05ca315962,1
9625e3bf5e,0
d08782fd15,1
ad323f2331,1
1d65bc3cb4,1
109b507fc7,0
87f1e81029,0
9156ebd727,0
836d568e81,0
9615270b71,1
c3944fb307,0
f3849341cb,0
4ac6c8c846,2
bfae26dd69,1
975dded02f,0
4c5dfd24cc,1
2f1df5078a,0
c78ba78eae,0
dd0955f700,0
a7f39709c3,1
f789ca57cb,1
4decd5bac2,1
5a491bed1c,2
87f61f6b3d,1
5415773321,0
f7577cfcb4,2
d874aa1893,1
c2597b0c93,0
a5dd99afef,1
f1edc81e7d,1
919effe64f,0
88f9396708,0
7dd65166e6,0
0b66ee4a37,2
eff2c60e97,0
7618dd5a26,1
d349fe8ab4,2
0242fd3023,2
c2e4b293bf,0
3189b0ae29,2
f88b84f4e1,0
5f90dd59b0,0
f357a04e86,1
1f0ea92118,1
0407b48afb,0
16c2f2ab89,2
